hltb_id,title,rating,retirement,platform,genre,date,time,price,memoire_vive,espace_disque,pourcentage_pos,review_count,rating_value,best_rating,worst_rating,description,langues_audio,langues_sous_titres,twenty_four_hours,all_time
1,688(I) Hunter/Killer,<NA>,<NA>,['PC'],['Simulation'],1997,9.166666666666666,$9.99,<NA>,<NA>,77¬†,176,7,10,1,"		688(I) Hunter/Killer, la simulation sous-marine la plus r√©aliste jamais d√©velopp√©e pour PC. Ma√Ætrisez le sonar et les syst√®mes de commande des armes, apprenez √† d√©velopper des situations r√©elles et √©quipez votre sous-marin d'un arsenal dernier cri. Mettez ensuite vos talents √† l'√©preuve pour faire le tour du devoir, gagner vos dauphins et devenir un v√©ritable sous-marinier. Une simulation v√©ritablement authentique : d√©velopp√©e par Sonalysts, un sous-traitant du d√©partement de la d√©fense am√©ricain qui con√ßoit des simulateurs de sous-marins pour la US Navy. Plus de 12 postes de commande d√©taill√©s : contr√¥lez toutes les facettes d'une guerre sous-marine, de la poursuite au sonar au contr√¥le du tir en passant par le gouvernail et l'analyse des mouvements de la cible. Terrain r√©el : la profondeur des oc√©ans et la densit√© des eaux de toute la plan√®te sont bas√©es sur des donn√©es topographiques satellite r√©elles. Situations r√©alistes : suivez une formation approfondie et menez √† bien des missions solo, plus une campagne enti√®re bas√©e sur l'analyse politique de situations r√©elles. Jeu de guerre √† plusieurs : traquez et √©liminez jusqu'√† 8 joueurs via Internet ou un r√©seau local. Technologie enti√®rement 3D : une technologie enti√®rement 3D permet des perspectives multiples, ainsi que des mod√®les 3D extr√™mement pr√©cis de plus de 20 plates-formes navales arm√©es. Contr√¥le total : g√©rez toutes les ressources de votre sous-marin, y compris la formation des membres de l'√©quipage et les recharges de tirs. ",[],[],<NA>,<NA>
27,007 Legends,49,5.8,"['PC', 'PlayStation 3', 'Wii U', 'Xbox 360']","['First-Person', 'Shooter']",2012,6.633333333333333,<NA>,<NA>,<NA>,<NA>,<NA>,<NA>,<NA>,<NA>,<NA>,<NA>,<NA>,<NA>,<NA>
32,1... 2... 3... KICK IT! (Drop That Beat Like an Ugly Baby),39,36.9,['PC'],['Music'],2011,59.0,<NA>,<NA>,<NA>,27¬†,540,5,10,1,"		Battle your favorite drum 'n' bass track, or relax as you fly through that trance album. ""Ugly Baby"" takes your MP3 music library and creates floating cities for you to explore. Ten years after the events in Dejobaan's award-winning AaaaaAAaaaAAAaaAAAAaAAAAA!!! -- A Reckless Disregard for Gravity, technology has advanced to the point where individuals can create architecture with colossal 3D printers.You've taken to building giant, kilometers-long aerial sculptures inspired by your own music, and are now BASE jumping from them for sport. These jumps are all about style and timing. Buzz those girders, groove along that building, and finish with a twist for extra points, all the while listening to your own soundtrack. Ugly Baby is currently available as a playable pre-release on Steam.Key features:Play different floating worlds built from your MP3 libraryExecute stunts such as buzzes and grooves.Tweak a city's DNA to warp them and create your own experiences. ",[],[],<NA>,<NA>
37,1000 Amps,68,13.5,['PC'],"['Adventure', 'Platform', 'Puzzle']",2012,3.85,$4.99,<NA>,<NA>,75¬†,125,7,10,1,"		Illuminez le monde ! En tant que Plug, vous √™tes charg√© de restaurer le co√ªteux Amp-Tree-System et de contrecarrer un intrus √©nigmatique. R√©solvez des √©nigmes et faites de l'exploration dans 1000 Amps !Caract√©ristiques :Illuminez les t√©n√®bres en allumant tout ce que vous touchez.T√©l√©portez-vous dans un espace inoccup√© en un simple clic de souris.Explorez les labyrinthes du co√ªteux Amp-Tree-Syste et trouvez les nouveaux bonus dispers√©s.Attaquez-vous aux d√©fis dans n'importe quel ordre gr√¢ce au design typ√© monde ouvert.Plus de 150 chambres √† explorer et √† compl√©ter.Sauvegardez n'importe o√π et n'importe quand. ",[],[],<NA>,<NA>
38,10000000,73,9,"['Mobile', 'PC']","['Puzzle', 'Role-Playing']",2012,6.316666666666666,$4.99,1.0,<NA>,90¬†,1665,9,10,1,"		10000000 est un jeu de combinaison Dungeon-RPG. Parcourez le donjon, combinez les tuiles et courez aussi longtemps que possible


 - Des monstres vous barrent la route ? Prenez vos √©p√©es, vos b√¢tons et √©liminez les orques, les dragons et tous les √©l√©ments g√™nants

 - Pas de combinaison apparente ? Cherchez des objets dans votre sac √† dos. Vous pouvez aussi lancer un sort modifiant toutes les tuiles du plateau, ou manger quelque chose pour reprendre des forces.

 - La bataille est trop coriace ? Servez-vous du butin trouv√© pour vous rendre chez le forgeron et l‚Äôarmurier, qui am√©lioreront votre √©quipement et le rendront √©pique


 ¬´ La libert√© co√ªte 10 millions, j‚Äôesp√®re ne jamais y arriver ¬ª - Kotaku


 - Et c‚Äôest un RPG, en plus ! ‚Äì Chaque donjon, chaque combat contre un monstre vous octroie de l‚Äôexp√©rience √† d√©penser au b√¢timent d‚Äôentra√Ænement pour obtenir de nouvelles comp√©tences

 - Am√©liorez votre ch√¢teau ‚Äì Combinez les pierres et les morceaux de bois pour les ramener chez vous et am√©liorer votre ch√¢teau


 ¬´ Ce jeu est sacrament bon. ¬ª ‚Äì Pocket Tactics


  - Pr√©parez des potions pour prendre des forces, ou si vous en avez le courage, buvez des potions qui rendront les monstres et les coffres plus difficiles mais augmenteront votre score.

 - Difficult√© rogue-like ‚Äì L‚Äôobjectif de 10000000 est difficile √† atteindre, mais vous pouvez recommencer le donjon autant de fois que vous le souhaitez en accumulant √† chaque fois de la puissance

 - Et pour couronner le tout, vous aurez de la musique r√©tro et du pixel art pour vous accompagner						",<NA>,<NA>,6,1181
46,15 Days,44,8.6,['PC'],"['Adventure', 'Role-Playing']",<NA>,7.533333333333333,$9.99,<NA>,<NA>,32¬†,131,5,10,1,"		A three-man activist group has set out to make the world a better place by stealing famous pieces of art in the world's most renowned museums, selling them to private collectors, and donating the money to charity.Though hunted by police forces, the group manages to stage one successful coup after another - until one day a mysterious new client appears and the group finds itself in the middle of a political conspiracy...Key FeaturesMystery conspiracy adventure game with unexpected story twistsCurrent, believable game worldContemporary visual languagePointed scriptFast-paced, dynamic narrationInteresting technical gadgets that allow realistic interaction with the environment4 different playable characters on both sides (police & activists)Accessible thanks to very moderate difficulty ",<NA>,<NA>,<NA>,<NA>
50,18 Wheels of Steel: American Long Haul,53,23.1,['PC'],['Simulation'],2007,20.916666666666668,$9.99,<NA>,<NA>,75¬†,386,7,10,1,"jeu
Le r√™ve am√©ricain au volant d'un semi-remorque !Les autoroutes nord-am√©ricaines vous attendent. Vous √™tes votre propre patron.Relevez le d√©fi - Que le meilleur gagne. N'oubliez pas que seul le profit compte !Transport - 45 types de marchandises diff√©rentes : b√©tail, produits chimiques, mat√©riel de construction... Conduite - Ces monstres m√©caniques ne se conduisent pas tout seul. Faites le plein et les r√©parations n√©cessairesComp√©tition - Faites votre travail vite et bien pour mettre la concurrence dans le vent. Faites-vous une r√©putation de New-York √† Los Angeles en passant par le Canada et le Mexique !Prenez de l'importance - Construisez un empire et collectionnez jusqu'√† 37 camions. ",[],[],2,37
66,3079,27,23.8,['PC'],"['First-Person', 'Action', 'Open World', 'Role-Playing', 'Shooter']",2011,3.4,$4.99,<NA>,<NA>,52¬†,304,6,10,1,"jeu
3079 is a futuristic, open-world action first-person role playing game. All areas, buildings, items, quests and characters are randomly generated. You will find unique lands & challenges. I hope you enjoy it![/b]Please follow Phr00t's Software for giveaways, updates & more! https://www.facebook.com/phr00ts.softwareYou arrive on a planet experiencing constant war. It is your duty to find out why the warring factions cannot find peace on their own & hopefully restore it yourself.Java RequirementMake sure you have Java 7 Update 45 (or better) installed!On Windows, if you have trouble, you may need to uninstall other versions of Java.You can get Java from: http://www.java.com/getjavaKey FeaturesTrading Cards are here!Practically endless, open-world explorationFuturistic weapons and items procedurally generated for endless character equipmentDifficulty that increases as you explore further (don't worry, items get better too!)Fully functional Multiplayer with Twitter integrationProcedurally generated quests for rewards and story advancementFortress building using a construction toolBody-part specific damage calculation and dismemberment: Head Shot!Skill system for things like engineering, charisma and camouflageDifferent biomes (grassland, mountains, snow, poison, desert, sea etc.)Complete storyline that has a start, middle and endSloped surfaces and higher polygon models gives the world a new, less ""blocky"" lookChallenging artificial intelligence -- enemies and allies will dodge, follow, inspect sounds etc.3D effects like anti-aliasing, damage & underwater blurringSoft ray-traced lighting (makes for nice shadows to hide in)A very fast, efficient multithreaded engine for smooth, high FPS gameplay almost completely free of ""lag""Recommended GuidesCommunity Hub: http://steamcommunity.com/app/259620/guides/Game Series ",<NA>,[],<NA>,<NA>
71,3D Ultra MiniGolf Adventures,63,13.6,"['PC', 'Xbox 360']",['Sports'],2007,4.066666666666666,<NA>,<NA>,<NA>,67¬†,106,6,10,1,"		Que vous soyez un v√©t√©ran ou un d√©butant, pr√©parez-vous √† un match anim√© et amusant avec quatre personnages au caract√®re affirm√©. Progressez le long des 36 trous d√©lirants de ce minigolf sur des parcours 3D riches en monticules, en bunkers, en ponts et en √©tendues d'eau‚Ä¶ Entre autres obstacles ! Choisissez parmi de nombreux environnements diff√©rents en fonction de votre humeur : Classic Carnival, The Old West ou Outer Space.   Des parcours 3D soigneusement con√ßus  ¬ó Des parcours √† rebondissements en vues panoramiques.   Mode multijoueur √† 4 joueurs  ¬ó Choisissez parmi 4 personnages jouables tr√®s d√©taill√©s, chacun avec leur propre personnalit√© et des animations diff√©rentes.   Un d√©fi de 36 trous  ¬ó Des parcours bas√©s sur trois th√®mes majeurs : Classic Carnival, The Old West ou Outer Space.   Des fonctions multiples  ¬ó R√©cup√©rez de puissants bonus et √©vitez des pi√®ges imaginatifs pour garder le rythme dans des parties impr√©visibles et passionnantes.   Un √©diteur de parcours  ¬ó Dessinez votre propre parcours en m√©langeant toutes les combinaisons possibles de tees, de lignes droites, d'angles, de croisements ou de rampes.     ",[],[],1,16
75,3SwitcheD,35,23,['PC'],<NA>,2012,51.0,$9.99,<NA>,<NA>,36¬†,130,5,10,1,"		Un classique des jeux vid√©o dans une nouvelle dimension !Gr√¢ce √† de somptueux graphismes 3D et aux nouvelles technologies, ce classique des jeux vid√©o a √©t√© m√©tamorphos√© en un titre extr√™mement captivant. 3SwitcheD‚Ñ¢ vous propose six d√©fis vari√©s et d'innombrables heures de divertissement, comprenant des niveaux bonus √† d√©bloquer et une interminable chasse aux records. La technologie innovante du Suivi du visage 3D-ETTM vous transporte dans une nouvelle dimension, dans laquelle une cam√©ra scannera vos moindres mouvements en temps r√©el ! Cette technologie unique analyse la position de votre visage par rapport √† l'√©cran, et ajuste la zone de jeu en temps r√©el lorsque vous trouvez les diamants !Pour les joueurs n'utilisant pas cette technologie, le jeu est √©galement un plaisir √† regarder et offre de nombreux d√©fis ! √ätes-vous pr√™t √† relever ces d√©fis ?GameplayD√©placez les diamants de mani√®re strat√©gique afin d'acc√©der aux niveaux bonus pour multiplier votre score dans Clearing Clusters.D√©crochez de nouveaux records en associant rapidement les diamants dans Snazzy Swap.Dans Pathfinder, d√©placez les diamants de mani√®re strat√©gique afin de garder la voie libre. Dans Moving 4-ward, des √©v√®nements bonus testeront vos strat√©gies de jeu.Fonctionnalit√©s :Une √©dition 3D innovante d'un classique des jeux vid√©oSix modes de jeu diff√©rentsUn gameplay facile √† prendre en main.Des graphismes somptueux pur le plaisir de yeux.Choisissez entre 2 bandes-son harmonieuses.Compatible avec la technologie 3D-ETTM. ",<NA>,[],<NA>,<NA>
77,4 Elements,62,10.1,"['Nintendo 3DS', 'Nintendo DS', 'PC', 'PlayStation 3']","['Adventure', 'Puzzle']",2008,8.35,<NA>,<NA>,<NA>,88¬†,562,9,10,1,"		Le vieux royaume est en p√©ril. Les 4 √©l√©ments qui maintenaient l'√©quilibre pendant des si√®cles ont √©t√© corrompus par les forces du mal et l'autel ne contient plus l'√©nergie vitale. Il vous revient la mission de trouver et de d√©bloquer les 4 grimoires magiques et de collectionner les 16 cartes myst√©rieuses qui rendront la vie au royaume. Une f√©e clochette vous aidera dans cette aventure p√©rilleuse dans laquelle vous croiserez des dragons, des chevaliers et des cr√©atures magiques. Ce jeu, bien qu'utilisant une jouabilit√© classique va vous  emportez vers de nouveaux sommets avec les rebondissements, des bonus, des effets graphiques spectaculaires et une histoire fabuleuse.Plus d'information :4 livres magiques dont il faudra percer les secrets16 carte myst√©rieuses √† collectionnerMagnifiques Animations et histoire haletante64 niveaux avec 20 challenges/bonusNombreuses cr√©atures magiquesEffets visuels sid√©rants et bonus fantastiques ",[],[],4,262
79,40 Winks,58,9.8,"['Nintendo 64', 'PC', 'PlayStation']",['Platform'],1999,7.166666666666667,$12.99,<NA>,<NA>,72¬†,29,7,10,1,"		FIGHT AS A NINJA. TRANSFORM INTO A ROBOT...OR A MONSTER!

Fight skeletons, spiders and aliens.
Battle with robots, zombies, giant dinosaurs...
In this dangerous, dream filled 3D adventure game, everything is out to get you!
CAN YOU BEAT THE EVIL DREAM THIEF, THE SCHEMING NITEKAP, AS YOU JOURNEY THROUGH 6 NIGHTMARE WORLDS?

40 Winks is an action platformer where you control brother and sister, Ruff and Tumble. Your goal is to collect 40 Winks scattered around the world to stop an evil man called Nitekap. Nitekap wants to turn the winks into hood-winks who are responsible for giving children nightmares.

Game Features:

‚Ä¢Transform into different characters! Attack as a stealth ninja, fight as ferocious monster, or fly into action as a super hero!
‚Ä¢Tons of mini-games as well! Race dragons, strap on a rocket, and more!
‚Ä¢6 themed levels - a scary castle, shipwreck city, outer space, deep down underwater, back to the prehistoric world of T-Rex and giant wasps and into the nightmare world of ghosts and monsters.						",<NA>,<NA>,0,4
83,4x4 Hummer,<NA>,<NA>,['PC'],['Racing/Driving'],2009,7.0,<NA>,<NA>,<NA>,<NA>,<NA>,<NA>,<NA>,<NA>,<NA>,<NA>,<NA>,<NA>,<NA>
94,7 Wonders: Magical Mystery Tour,66,2.8,['PC'],['Puzzle'],2012,7.033333333333333,$6.99,<NA>,<NA>,100¬†,41,8,10,1,"		In an all-new 7 Wonders, you‚Äôll take a fantastic journey to some of the most enchanting sites ever dreamed of.  With a team of master builders, you‚Äôll match colorful runes to collect the building blocks needed for Camelot, El Dorado, Atlantis, Shangri-La, and many others.  Build all 7 Wonders and then unlock a magical 8th location, Nazca Valley!  

Make bigger matches to unlock power-ups that can help you gather your resources even more quickly!  Complete each wonder to add to your team of builders so that you can fully assemble your crew of Guild Workers.

Dust off your match-making know-how for a charming trip through the 7 Wonders Magical Mystery Tour!  

Key Game Features:
‚Ä¢	7 Magical Locations to explore: Camelot, El Dorado, Atlantis, Bimini Fountain of Youth, City of Caesars, Shangri-La, Valhalla
‚Ä¢	BONUS 8th Wonder to unlock!
‚Ä¢	Complete your Guild Workers crew with all of the Master artisans
‚Ä¢	Addictive rune-matching game play for hours of fun
‚Ä¢	Bigger matches give you bigger power-ups! 
‚Ä¢	Fun mini-games for an extra challenge!						",<NA>,[],<NA>,<NA>
95,7 Wonders II,60,8.4,"['Nintendo DS', 'PC']",['Puzzle'],2008,6.5,$9.99,<NA>,<NA>,88¬†,54,9,10,1,"		Avec la s√©rie des jeux 7 Wonders, retournez √† l'√©poque o√π de magnifiques √©difices ont √©t√© construits dans de lointains pays. Amusez-vous avec un jeu de match 3 dans une environnement graphiquement revu et corrig√© dans lequel vous n'apprenez pas seulement des informations √† propos des diff√©rentes nouvelles merveilles du monde (comme Stonehenge ou encore le Taj Mahal), mais vous assistez √† leur cr√©ation, pi√®ce apr√®s pi√®ce.  Des animations incroyablement riches De nouveaux power-ups explosifs, comme la Single Cell Bomb, le Chameleon et le Timer Freeze Sept nouveaux lieux √† explorer et autant de merveilles √† d√©couvrir Participez r√©ellement √† la construction en choisissant quelle section de chaque construction vous souhaitez d'abord r√©aliser et suivez la progression des travaux sur votre √©cran et dans les menus du jeu. Associez de mani√®re strat√©gique diff√©rentes pi√®ces dont le nombre est limit√©, pour obtenir des √©l√©ments critiques qui vous aideront. Nouvelle option pour m√©langer les diff√©rentes pi√®ces afin que le jeu dure encore plus longtemps ! ",[],[],14,26
96,7 Wonders of the Ancient World,62,7.8,"['PC', 'PlayStation Portable']",['Puzzle'],2007,5.366666666666666,$6.99,<NA>,<NA>,85¬†,63,9,10,1,"		Embark on a journey no one has taken before! Your quest begins at the foot of The Great Pyramid of Giza and continues through the Egyptian sands to the mysterious Hanging Gardens of Babylon.  Travel through the enchanting Mediterranean islands to the glory of ancient Greece as your voyage continues.  If you‚Äôre successful, you will behold the amazing Seven Wonders of the World.  Let the journey begin!

Key Game Features:
‚Ä¢	Supply building stones to your workers by matching three same-colored runes
‚Ä¢	Time is limited!  If you don‚Äôt make enough progress, your workers will strike
‚Ä¢	49 original levels as you journey through the 7 Wonders of the Ancient World
‚Ä¢	Earn exciting power ups that will aid in your journey						",<NA>,[],<NA>,<NA>
97,7 Wonders: Ancient Alien Makeover,64,6.5,['PC'],['Puzzle'],<NA>,6.616666666666667,$9.99,<NA>,<NA>,93¬†,62,9,10,1,"		The long-standing 7 Wonders series keeps getting better and better! The fifth installment, 7 Wonders: Ancient Alien Makeover, adds an entirely new game component, new Wonders and a new and exciting material ‚Äì Alien Energy!The goal is still to construct exciting new Wonders by swapping same-colored runes to make matches of three or more to the tune of exploding bonuses. Make enough matches before time runs out to fill your arsenal with power-ups and the materials needed to complete your Wonders before your very eyes! As you complete each game board, bricks, water, gems, landscape, and now ‚Äì Alien Energy! Excel and face bonus levels that take you deep below the earth‚Äôs surface to win materials like gold to adorn your Wonders! There is also, for the first time, a secondary game component to build a village! Mini-games rewards players with buildings and decorations to create their own village. Build all 7 Wonders and then unlock a magical 8th location, Nazca Valley! New game play and new Wonders await in Ancient Alien Makeover!Key Features:56+ addictive and challenging levelsExpanded play fieldNew ‚Äúalien energy‚Äù construction material!New village component4 difficulty modes including ‚ÄúZen‚Äù which has no timer.Players earn a star rating for the completion of any Wonder. There is replay value to improving the star rating from a 2 to a 4 because it will lead to unlocking the Bonus Wonder and more things to decorate the village.Players can earn a wide variety of achievements which are displayed in a trophy room. ",<NA>,[],<NA>,<NA>
98,7 Wonders: Treasures of Seven,65,7.1,"['Nintendo DS', 'PC']",['Puzzle'],2008,7.233333333333333,$9.99,<NA>,<NA>,83¬†,49,8,10,1,		Il est maintenant temps de construire 9 des structures les plus invraisemblables de l'histoire. Faites correspondre les runes pour d√©truire les blocs et trouver les serrures et les clefs de pierre. Faites pivoter les cubes pour d√©couvrir les clefs !                    					Une fois que vous avez parcouru les c√¥t√©s du cube entrez dedans pour construire le compas et les 9 merveilles.                     Jeu puzzle avec des rotations                     R√©soudre les puzzles vous fait progresser...                     ...et vous donne des pouvoirs suppl√©mentaires                     9 merveilles √† construire                     ,[],[],4,147
104,8 Eyes,49,6.9,"['NES', 'PC']",['Platform'],1990,2.6166666666666667,$6.99,<NA>,<NA>,80¬†,15,8,10,1,"		Features Unique Cooperative 2-Player Simultaneous Mode! Contains Password Level Select! Control man and bird in a fight for the eight jewels of power!

After eons of chaos, mankind has finally emerged from the ruin brought on by nuclear war. The world has flourished once again under the guidance of the Great King, who has harnessed the power of the 8 Eyes to rebuild the planet.

The 8 Eyes -- strange and powerful Jewels -- were formed in the stellar centers of eight thermonuclear blasts. To possess them is to possess all earthly power.

Now, a loose confederation of dukes has through treachery banished the Great King and seized the 8 Eyes in a bid for power. And already their petty infighting has the world trembling on the jagged edge of atomic war.

The task of retrieving the Jewels falls to you, Orin the Falconer -- the bravest and mightiest of the King's Guardsmen. With your fighting falcon, Cutrus, you must penetrate the donjon keeps of each of the faithless dukes. There you will face the ducal mercenaries -- and battle living skeletons, giant wasps, mud men, and other mutated horrors. You must defeat the monstrous Boss of each fortress to retrieve the Jewel he guards. If you are able to return the 8 Eyes to the Altar of Peace, the Earth will pass into another millennium of peace and plenty. If not...						",<NA>,<NA>,<NA>,<NA>
105,8-Bit Commando,55,11.1,['PC'],"['Action', 'Platform', 'Shooter']",2011,1.0666666666666667,<NA>,<NA>,<NA>,<NA>,<NA>,<NA>,<NA>,<NA>,<NA>,<NA>,<NA>,<NA>,<NA>
110,99 Levels to Hell,56,13.2,['PC'],"['Action', 'Platform', 'Shooter']",2013,7.65,$4.99,<NA>,<NA>,59¬†,329,6,10,1,"		99 Levels to Hell is a platform shooter with lots of guns, upgrades, magic, traps and monsters to kill. 99 Levels to Hell is a rogue-like, which means surviving is key and every time you play you get a new set of levels to play. When you complete 10 levels, the 10th being a boss-fight you unlock a door to the next dungeon. Hidden in the darkness of the dungeons are shops, casinos and elevators. And if you search the dungeons carefully, you might find secret rooms that unlock more of the story, and free new adventurers, you can play as in your next game.But best of all you get to kill the devil to a killer metal soundtrack!Key Features10 different dungeons.10 bossfights.100 levels that spawn at random.25+ monsters.50+ powers ups and weapons.Shops, portals, casinos and elevators.Unlock the story of two brothersAnd blood, a lot of blood. ",<NA>,[],<NA>,<NA>
115,9th Company: Roots of Terror,30,7.9,['PC'],"['Real-Time', 'Strategy']",2009,4.0,$9.99,<NA>,<NA>,59¬†,176,6,10,1,"		9th Company Roots of Terror est un jeu de strat√©gie en temps r√©el orient√© action qui se d√©roule pendant la campagne sovi√©tique en Afghanistan.9th Company est l'histoire d'un bande de recrues form√©es en Ouzb√©kistan qui se trouve confront√©e aux Moudjahidin Afghans. 9th Company retrace scrupuleusement les conditions de l'invasion sovi√©tique. En janvier 1988, la 345√®me se retrouve sous un feu nourrit pendant plus de deux jours. Certains des membres de cette section seront promus au rang de h√©ros de l'Empire Sovi√©tique.Tactique : choisissez votre mission ou explorez les cartes de l'Afghanistan. Effets 3D soufflants, une exp√©rience unique. R√©compense et syst√®me de morale pour chaque personnage et syst√®me de d√©tection des unit√©s m√©canis√©es pour une atmosph√®re plus r√©aliste. Un syst√®me complexe de comportement tactique et de puissance de feu avec contr√¥le des unit√©s m√©canis√©es, infanterie, unit√©s d'assaut, de reconnaissance et sp√©ciales. Plus de 80 types diff√©rent. Mission non lin√©aires. Unit√©s prennent de l'exp√©rience au fur et √† mesure des missions. Possibilit√© de former des unit√©s d'√©lite.  ",[],[],<NA>,<NA>
119,A Boy and His Blob,66,7.3,<NA>,"['Platform', 'Puzzle']",2009,9.833333333333334,$9.99,<NA>,<NA>,82¬†,193,9,10,1,"		A Boy and His Blob makes its triumphant return! A reimagining of the NES classic, as the boy, you feed your blob jelly beans and watch him transform into cool and useful objects to solve puzzles and escape danger. With its robust and emotionally driven story, challenging puzzles, and visually impressive art style, A Boy and His Blob is sure to become a classic once again.When Blobolonia is threatened by an evil Emperor, the blob comes to Earth looking for help. Instead, he finds a young boy. Help the blob dethrone the evil Emperor that's terrorizing Blobolonia and establish a friendship with the blob that will last a lifetime.Experience the heartwarming story through an all-new, hand-drawn and animated presentation!Transform the blob into 15 useful items by feeding him jelly beans such as the all-new Caramel Cannon and Bubble Gum Bouncer and classic beans like the Licorice Ladder, Apple Jack and Tangerine Trampoline.Traverse woods, swamps, caves, the Blobolonian Outskirts and even the Emperor's Citadel through 40 breathtaking levels filled with hidden treasures! Collect treasure to unlock 40 additional challenge levels that will put your skills to the ultimate test! ",<NA>,[],<NA>,<NA>
125,A Farewell to Dragons,20,13.3,['PC'],"['Role-Playing', 'Adventure']",2009,<NA>,<NA>,<NA>,<NA>,<NA>,<NA>,<NA>,<NA>,<NA>,<NA>,<NA>,<NA>,0,4
127,A Game of Dwarves,65,14.1,['PC'],"['City-Building', 'Strategy']",2012,35.0,$9.99,<NA>,<NA>,64¬†,353,6,10,1,"		A Dwarven Prince on a quest to reclaim his people‚Äôs stolen land will take you on a great journey. Explore a continent filled with buried treasures and unearth mysteries that have laid hidden since the Great War. Take charge of your Dwarven settlement while mining, exploring and utilizing your resources with a combination of strategy and management.Order the inhabitants of a Dwarven settlement to dig, build and conduct research in order to strengthen the clan. Be careful though because you must defend your Dwarves from the terrible beasts that lie in the depths. A unique world is generated each time a new level starts, so you will need to dynamically adapt your strategies and tactics during each session.As you advance, the Dwarves will level up and gain new skills; progressing from weak dwarvlings to near immortal warriors or master craftsmen. There are also rare resources to be found deeper in the earth that grant access to better buildings and equipment. However, the deeper you dig the more dangerous foes you might unleash‚Ä¶Key Features:Explore ‚Äì The randomly generated maps offer replayability while also providing a sense of explorationBuild ‚Äì customize your settlement with not only practical constructions, but beautiful ones too! Build objects you think look great, while still gaining progress. Home is where the art is.Command ‚Äì With an intuitive order system the player can easily control oodles of dwarves simultaneously without the need for extensive micro managementA 13 level, story driven campaignCustom game mode: Create a world without enemies so you can build uninterrupted or spawn lots of them to increase the challenge ",<NA>,[],3,1623
128,A Game of Thrones: Genesis,48, 19.4,['PC'],['Strategy'],2011,10.4,$9.99,<NA>,<NA>,34¬†,394,5,10,1,"		Quel roi serez-vous ?Conqu√©rant, usurpateur ou diplomate ? ""A Game of Thrones - Genesis"" vous plonge au c≈ìur des batailles et des intrigues entre les grandes Maisons qui ont fa√ßonn√© le royaume de Westeros. Depuis l‚Äôarriv√©e de Nym√©ria sur les terres du royaume de Dorne, jusqu‚Äôau r√©veil des ¬´ Autres ¬ª au-del√† du Mur, c‚Äôest toute la gen√®se de la grande saga du Tr√¥ne de Fer que vous vivrez √† travers plus de 1000 ans d‚ÄôHistoire en devenant acteur des batailles et des √©v√©nements fondateurs de WesterosDans ce grand jeu m√™lant strat√©gie, diplomatie et politique, victoire ne rime pas n√©cessairement avec force. Vous pouvez opter pour une approche militaire et assi√©ger vos adversaires, les √©touffer dans une guerre √©conomique, ou encore faire usage de ruse et de diplomatie pour les √©craser politiquement ! Tra√Ætrise et fourberie sont de la partie et peuvent s‚Äôav√©rer plus renversantes que la plus puissante des arm√©es. Surveillez vos arri√®res et appr√™tez-vous √† livrer une lutte sans merci pour prendre place sur le Tr√¥ne de Fer. Caract√©ristiques :Ce jeu est l'adaptation de la saga fantastique ""A Song of Ice and Fire"" de George RR Martin.Une profondeur de jeu incroyable : un gameplay passionnant m√™lant strat√©gie, diplomatie et politique. D√©couvrez la gen√®se de l‚Äôunivers du Tr√¥ne de Fer √† travers le mode Histoire, et participez aux plus grands conflits qui ont fa√ßonn√© Westeros.Affrontez jusqu‚Äô√† 7 autres joueurs en multijoueur. Formez des alliances et rompez-les, faites preuve de subtilit√© tactique et √©crasez vos adversaires ! ",[],[],<NA>,<NA>
130,A Hat in Time,82,3.4,"['Mac', 'Nintendo Switch', 'PC', 'PlayStation 4', 'Xbox One']","['Third-Person', 'Action', 'Adventure', 'Platform']",2017,9.833333333333334,$29.95,<NA>,<NA>,95¬†,39178,10,10,1,"jeu
A Hat in Time est un jeu de plateformes super-choupi o√π une petite fille doit tricoter ses propres chapeaux tous dot√©s de pouvoirs totalement d√©ments !Une petite fille et son vaisseauA Hat in Time te met dans les chaussures d'une jeune voyageuse de l'espace coiff√©e d'un haut-de-forme. Son aventure se trouve brusquement interrompue car le carburant de son vaisseau, les Fragments Temporels, se sont √©cras√©s sur une plan√®te voisine. Elle doit maintenant utiliser son vaste arsenal de mouvements et de chapeaux afin d'explorer ce monde inconnu dans ses moindres recoins pour pouvoir reprendre son voyage. Sur sa route, elle croisera de nombreux personnages, tel que la Mafia des Cuistots, les oiseaux des Studios Dead Bird,  les mena√ßants autochtones de la For√™t Onirique, et plus encore !Enqu√™ter dans un train ! Des parades ! S'infiltrer dans un studio de cin√©ma ?Chaque mission de A Hat in Time est unique ! Entre r√©soudre Le Meurtre de l'Owl Express, mener La Grande Parade, et devoir vous infiltrer dans les Studios Dead Bird, vous ne saurez plus sur quel pied danser !Une petite fille dans un vaste mondeBondissez librement dans 5 mondes gigantesques, o√π l'aventure vous attend √† chaque virage ! Comme n'importe quel enfant, cette petite fille adore courir de partout, aucune montagne n'est insurmontable pour elle.  Sa vaste panoplie de sauts lui permet d'aller o√π bon lui semble !Pelotes magiques, badges et autres chapeaux mignonsEn trouvant les pelotes cach√©es dans les mondes, de nouveaux chapeaux, tous avec leur propres pouvoirs vous deviendront accessible, la coiffe  de alchimiste vous permettra de jeter des concoctions explosives, un masque √† l'allure flippante vous permettre de jeter un bref coup ≈ìil  dans une autre dimension. Les chapeaux peuvent m√™me √™tre am√©lior√©s, en achetant des badges aux habitants de chaque monde !Le communautaire mis en avantA Hat in Time a √©t√© rendu possible par Kickstarter, atteignant pr√®s de 10 fois sa somme initiale ! Pour c√©l√©brer cela, il est d√©sormais possible de modder A Hat in Time, qui a son propre Steam Workshop, mais aussi de prendre ses propres photos, et plus encore !						",<NA>,<NA>,205,7272
134,A New Beginning,67,4.5,['PC'],"['Point-and-Click', 'Adventure']",2011,9.966666666666667,$9.99,<NA>,<NA>,74¬†,1340,7,10,1,"		A New Beginning est un thriller d‚Äôaventure cin√©matographique r√©alis√© dans le style d‚Äôun roman visuel. Dans cette aventure charmante et pleine d‚Äôesprit, la Terre est sur le point de subir une catastrophe climatique. Vous devez faire le tour du monde pour √©pargner le genre humain et sauver l‚Äôhumanit√© de ce destin terrible.Le bio-ing√©nieur Bent Svensson a √©t√© forc√© d‚Äôarr√™ter ses recherches sur les sources d‚Äô√©nergie alternatives. Cet ancien travailleur acharn√© vit maintenant en reclus dans les for√™ts isol√©es de la Norv√®ge. Sa paisible retraite anticip√©e est g√¢ch√©e par Fay, une jeune femme qui pr√©tend venir du futur. Elle essaye de le convaincre qu‚Äôelle est venue pour emp√™cher cette catastrophe climatique de se produire et que d‚Äôapr√®s elle, les recherches de Bent constituent ses derni√®res chances d‚Äôy parvenir.Cependant, ses r√©sultats sont sur le point de tomber dans les mains d‚Äôun g√©ant de l‚Äô√©nergie sans conscience int√©ress√© uniquement par les b√©n√©fices de ses investissements.Ensemble, Bent et Fay doivent maintenant mettre fin √† cette catastrophe plan√©taire imminente.Caract√©ristiques Un thriller d‚Äôaventure de toute puissance, bas√© sur le probl√®me contemporain du r√©chauffement mondial Plus de 100 arri√®re-plans √©poustouflants et tr√®s d√©taill√©s Plus de 20 heures de temps de jeu Style de roman graphique exclusif avec une heure de sc√®nes de dessin anim√© coup√©es Un chef-d‚Äô≈ìuvre, √©crit par les cr√©ateurs de ¬´ The Whispered World ¬ª, ¬´ The Dark Eye: Chains of Satinav ¬ª, ¬´ Harvey's New Eyes ¬ª et de la trilogie Deponia ",<NA>,<NA>,4,173
138,A Stroke of Fate: Operation Valkyrie,55,8.4,['PC'],"['Point-and-Click', 'Adventure']",2009,9.0,$6.99,<NA>,<NA>,68¬†,25,6,10,1,"jeu
L'op√©ration Valkyrie est un √©pisode c√©l√®bre de la r√©sistance allemande dont le but est de renverser le tyrannique gouvernement Nazi. Standartenfuhrer Gerhard Mayer, un patriote qui travaille au D√©partement Central pour la S√©curit√© du Reich apprend que la Gestapo a localis√© les conspirateurs. Il fait tout son possible pour que l'enqu√™te lui soit confi√©e et tente de brouiller les pistes de la Gestapo afin d'aider la R√©sistance √† renverser le r√©gime Nazi et mettre fin √† la guerre.
Caract√©ristiques principales :

Jeu d'aventure et d'enqu√™te sur fond de trame historique.
Graphismes photor√©alistes haute-r√©solution.
Immersion totale dans une atmosph√®re historique, avec possibilit√© d'afficher les graphismes en noir et blanc dans le style des vid√©os d'√©poque.
Environnements ultra-d√©taill√©s, multiples personnages, mini-jeux d'espionnage.
 ",[],[],<NA>,<NA>
139,A Tale of Two Kingdoms,70, 17.6,['PC'],['Adventure'],2007,8.4,$11.99,<NA>,<NA>,90¬†,22,8,10,1,"		A Tale of Two Kingdoms is a graphical adventure in the style of the classic Sierra games. Set in the world of Celtic mythology and fairy tales, it features many sidequests and alternate endings. This release is a Deluxe Edition with a new interactive prologue, several graphic updates, and professional voice acting.Travel to the realm of Theylinn as the king calls on his old enemies for aid against a goblin invasion, get involved in intrigue and fairy trickery, and get stalked by an evil sorcerer who has its own agenda. Highly recommended for all fans of retro gaming.ATOTK was named Game of the Month by PC Zone UK, and has won four AGS Awards including Best Animation and Best Puzzles.""If ATOTK came out during the genre's heyday, we'd probably be waxing nostalgic about it today in the same breath as King's Quest."" - Games for Windows""A Tale of Two Kingdoms simply blew me away ... This game is a great achievement ... Final Grade: A"" - Just Adventure""An exceptionally good fairy tale Adventure which will be of enormous appeal to fans of the King's Quest series of Adventures. A lovely game."" - AdventurePoint						",<NA>,<NA>,<NA>,<NA>
140,A Valley Without Wind,68, 15.6,['PC'],"['Strategy', 'Adventure', 'Role-Playing']",2012,17.25,$14.99,<NA>,<NA>,62¬†,191,6,10,1,"		A 2D sidescroller without a linear path. An action game with tactical combat and citybuilding. An adventure game that lets you free-roam a vast, procedurally-generated world. A Valley Without Wind defies genre stereotypes. Unlike other procedurally-generated games, you also get a logical progression in difficulty, plus helpful tips and checklists to guide your travels (should you need them).Choose for yourself how to prepare to face the vastly stronger Overlord. Complete a variety of missions to earn new spells, and/or roam the wilds to uncover secret missions and stashes of magical crafting loot. Customize your characters with unique combinations of enchants and spells that change how you move, jump, and fight. Or rescue people and bring them back to your settlement so that they can then be sent on dispatch missions; you don't have to carry the burden of your fledgling civilization alone! You choose how to play, and the world adapts around you.Key features:Travel alone or with friends across an ever-expanding world of dangerous creatures, powerful magic, high technology, and mysteries. You have choice. The world of Environ is a procedurally generated sandbox, and lets you go anywhere you see -- including right into the overlord's keep at any time. (Good luck with that.) Environ is endless. When you save one continent from an overlord, a larger and more complex continent appears. The game adapts to how you play: as you demonstrate your proficiency, monsters and missions upgrade accordingly. Killed 100 bats? Okay, time for... bats on fire! Crazy amounts of character customization. Combine a multitude of spells, enchants, and equipment to create specialized character builds. Play as a long line of brave adventurers. It's not a question of IF your character is going to die, but WHEN. Any character that dies is permanently lost, but you keep all your inventory, enchants, and general progress in the game. Become a community leader. Rescue NPCs for your settlement, construct buildings for them, and improve their skill and mood -- then send them on dispatch missions to help you in return! Be a clever problem-solver. Challenges have more than one solution, each with its own pros and cons. You get to figure things out rather than just jumping through a set of hoops. Difficulty levels give exactly the challenge you want, from casual to hardcore on platforming, combat, and citybuilding independently. All owners of Valley 1 also get the much-improved sequel absolutely free!  Valley 2 is out now, and features a different style of more-focused, non-sandbox play.  Both games are quite distinct from one another, but you don‚Äôt have to choose between them -- both are yours for the price of one! ",[],[],<NA>,<NA>
141,A Valley Without Wind 2,57,11.7,['PC'],"['Action', 'Adventure', 'Strategy']",2013,10.05,$14.99,<NA>,<NA>,47¬†,109,6,10,1,"		A modern take on the 16-bit era, A Valley Without Wind 2 blends a variety of mechanics across multiple genres, seamlessly bringing together the best qualities of old-school platform-shooters and turn-based strategy games.  You choose how and where to explore via the world map, how to upgrade your character via mage classes, feats, and perks that you unlock, and how to battle the forces of evil every step of the way. Your character is a mage who has infiltrated the inner circle of the evil Demonaica, and you now share the power of immortality that he uses to terrorize the land. Using this power against him, it's time to lead an uprising and ultimately bring him and his henchmen back to mortality so that they can be dispatched.Gameplay alternates between two modes that complement each other: brief, tightly-designed platforming segments where your character customization and equipment can be tuned to meet the tactical needs of the current stage; and quick strategic turns on the world map where you order your troops to fight, scavenge, build, recruit, farm, and use special powers.  Demonaica and his armies pursue your forces directly on the world map, while his five henchmen have been sent to recapture you in the platforming segments.Your immortality came at great personal cost, but it makes you the one last hope of saving the world from darkness.Key Features:Platforming and Turn-Based Strategy Coupled Together: Flip back and forth between your own adventure, and the progress of the resistance you're in charge of.  Freely adjust difficulty levels for both to tailor the experience to your own personal playstyle.  Both sides of the game can be quite easy or incredibly hard.More Tactile Combat:The physics of movement and attacks have been completely redone from the first title, with more traditional gamepad and keyboard support. Spells have mass and can block each other, leading to many interesting tactical situations in the platforming segments. Vastly Improved Visuals:Fully redone artwork by Heavy Cat Studios, including 125 all-new monsters, 200 spells, and lots more.Focused Gameplay Arc:Unlike the endless sandbox-style first game, this complete re-imagining has a distinct beginning, middle, and end.Procedurally Generated Worlds:Each world is a unique challenge, leading to excellent replay value once you do beat the game!Co-Op Multiplayer:Bring along as many friends as you like on your journey, depending on your connection speed. 2-8 players recommended on most Internet connections; many more on LAN. See Just How Deep An Arcen-style Rabbit-Hole Goes:After dozens of hours you still haven't seen it all: 50 mage classes in 5 tiers, 200 spells, 125 enemies, 14 biomes, 100+ types of world map tiles, 64 character customization perks, 100ks of procedural equipment possibilities.Extra Challenges For Expert Players:String together flawless kills to earn ""concentration"" and become even stronger.  Beat the game on harder difficulties to earn rare achievements.Get The Original Game For Free!The original game was unique and experimental, and it comes included absolutely free when you buy the sequel. ",<NA>,[],<NA>,<NA>
142,A Vampyre Story,69,7.2,['PC'],['Adventure'],2008,7.2,$9.99,<NA>,<NA>,68¬†,175,6,10,1,"jeu
Il √©tait une fois...Au fin fond d'un lugubre ch√¢teau dans le tout aussi sinistre pays de Draxsylvanie, la jeune chanteuse d'op√©ra √©m√©rite Mona De Lafitte est maintenue prisonni√®re par son oppresseur, le vampire Baron Shrowdy Von Kiefer. Apr√®s avoir √©t√© transform√©e en vampire par le Baron Shrowdy, Mona ne r√™ve que d'une chose : quitter la Draxsylvanie et retourner √† Paris afin de poursuivre sa carri√®re de chanteuse, et devenir un jour une grande cantatrice de l'Op√©ra de Paris.Lors d‚Äôune des escapades nocturnes du Baron Shrowdy, Mona tient enfin une occasion de s'enfuir. Avec l‚Äôaide de son seul ami et confident, une chauve-souris espi√®gle nomm√©e Froderick, elle s'√©vade de sa prison et tente de retrouver le chemin de Paris. Au cours de son odyss√©e en Draxsylvanie, o√π elle rencontrera d'√©tranges habitants et fera face √† des d√©fis plus √©tranges encore, Mona devra non seulement apprendre √† accepter sa condition de vampire, mais √©galement √† tirer profit de ses nouvelles aptitudes.L'aventure de ‚ÄúA Vampyre Story‚Äù a √©t√© con√ßue par Bill Tiller, connu des fans d'aventure pour son formidable travail sur quelques-uns des plus grands classiques du jeu d'aventure tels que Monkey Island, Indiana Jones ou encore The Dig.Le joueur utilise une interface point & click pour diriger Mona et Froderick √† travers un monde riche en d√©tails, comportant plus de 30 environnements magnifiques dessin√©s √† la main, le tout utilisant une technologie temps r√©el de cam√©ra 'Multiplane', poussant le joueur √† examiner et √† explorer toujours plus chaque d√©cors. Durant son p√©riple parsem√© d'√©nigmes, Mona rencontrera plus de 20 personnages enti√®rement en 3D, du plus loufoque au plus terrifiant, durant environ 15 heures de jeu ponctu√©es d‚Äô√©nigmes et de puzzles souvent dr√¥les et toujours passionnantes.Points forts:Un grand jeu d'aventure point & click r√©alis√© par Bill Tiller.Plus de 30 lieux magnifiques dessin√©s √† la main - utilisant une technologie temps r√©el de cam√©ra 'Multiplane'.Plus de 25 personnages hauts en couleur - du plus √©trange au plus insolite.Des comp√©tences vampiriques qui auront une incidence sur les √©v√©nements.Plus de 15 heures de fun et d‚Äô√©nigmes d√©sopilantes. ",<NA>,<NA>,<NA>,<NA>
104,8 Eyes,49,6.9,"['NES', 'PC']",['Platform'],1990,2.6166666666666667,"5,69Ä",0.256,<NA>,80,15,8,10,1,"
About This Game
							Features Unique Cooperative 2-Player Simultaneous Mode! Contains Password Level Select! Control man and bird in a fight for the eight jewels of power!

After eons of chaos, mankind has finally emerged from the ruin brought on by nuclear war. The world has flourished once again under the guidance of the Great King, who has harnessed the power of the 8 Eyes to rebuild the planet.

The 8 Eyes -- strange and powerful Jewels -- were formed in the stellar centers of eight thermonuclear blasts. To possess them is to possess all earthly power.

Now, a loose confederation of dukes has through treachery banished the Great King and seized the 8 Eyes in a bid for power. And already their petty infighting has the world trembling on the jagged edge of atomic war.

The task of retrieving the Jewels falls to you, Orin the Falconer -- the bravest and mightiest of the King's Guardsmen. With your fighting falcon, Cutrus, you must penetrate the donjon keeps of each of the faithless dukes. There you will face the ducal mercenaries -- and battle living skeletons, giant wasps, mud men, and other mutated horrors. You must defeat the monstrous Boss of each fortress to retrieve the Jewel he guards. If you are able to return the 8 Eyes to the Altar of Peace, the Earth will pass into another millennium of peace and plenty. If not...",<NA>,<NA>,<NA>,<NA>
