hltb_id,title,rating,retirement,platform,genre,date,time,price,memoire_vive,espace_disque,pourcentage_pos,review_count,rating_value,description,twenty_four_hours,all_time
1,688(I) Hunter/Killer,<NA>,<NA>,['PC'],['Simulation'],1997,9.166666666666666,$19.99,<NA>,<NA>,77 ,176,7,"jeu 688(I) Hunter/Killer, la simulation sous-marine la plus réaliste jamais développée pour PC. Maîtrisez le sonar et les systèmes de commande des armes, apprenez à développer des situations réelles et équipez votre sous-marin d'un arsenal dernier cri. Mettez ensuite vos talents à l'épreuve pour faire le tour du devoir, gagner vos dauphins et devenir un véritable sous-marinier. Une simulation véritablement authentique : développée par Sonalysts, un sous-traitant du département de la défense américain qui conçoit des simulateurs de sous-marins pour la US Navy. Plus de 12 postes de commande détaillés : contrôlez toutes les facettes d'une guerre sous-marine, de la poursuite au sonar au contrôle du tir en passant par le gouvernail et l'analyse des mouvements de la cible. Terrain réel : la profondeur des océans et la densité des eaux de toute la planète sont basées sur des données topographiques satellite réelles. Situations réalistes : suivez une formation approfondie et menez à bien des missions solo, plus une campagne entière basée sur l'analyse politique de situations réelles. Jeu de guerre à plusieurs : traquez et éliminez jusqu'à 8 joueurs via Internet ou un réseau local. Technologie entièrement 3D : une technologie entièrement 3D permet des perspectives multiples, ainsi que des modèles 3D extrêmement précis de plus de 20 plates-formes navales armées. Contrôle total : gérez toutes les ressources de votre sous-marin, y compris la formation des membres de l'équipage et les recharges de tirs. ",<NA>,<NA>
27,007 Legends,49,5.8,"['PC', 'PlayStation 3', 'Wii U', 'Xbox 360']","['First-Person', 'Shooter']",2012,6.633333333333333,<NA>,<NA>,<NA>,<NA>,<NA>,<NA>,<NA>,<NA>,<NA>
32,1... 2... 3... KICK IT! (Drop That Beat Like an Ugly Baby),39,37,['PC'],['Music'],2011,59.0,<NA>,<NA>,<NA>,27 ,540,5,"jeu Battle your favorite drum 'n' bass track, or relax as you fly through that trance album. ""Ugly Baby"" takes your MP3 music library and creates floating cities for you to explore. Ten years after the events in Dejobaan's award-winning AaaaaAAaaaAAAaaAAAAaAAAAA!!! -- A Reckless Disregard for Gravity, technology has advanced to the point where individuals can create architecture with colossal 3D printers.You've taken to building giant, kilometers-long aerial sculptures inspired by your own music, and are now BASE jumping from them for sport. These jumps are all about style and timing. Buzz those girders, groove along that building, and finish with a twist for extra points, all the while listening to your own soundtrack. Ugly Baby is currently available as a playable pre-release on Steam.Key features:Play different floating worlds built from your MP3 libraryExecute stunts such as buzzes and grooves.Tweak a city's DNA to warp them and create your own experiences. ",0,342
37,1000 Amps,69,13.4,['PC'],"['Adventure', 'Platform', 'Puzzle']",2012,3.85,$4.99,<NA>,<NA>,75 ,125,7,"jeu Illuminez le monde ! En tant que Plug, vous êtes chargé de restaurer le coûteux Amp-Tree-System et de contrecarrer un intrus énigmatique. Résolvez des énigmes et faites de l'exploration dans 1000 Amps !Caractéristiques :Illuminez les ténèbres en allumant tout ce que vous touchez.Téléportez-vous dans un espace inoccupé en un simple clic de souris.Explorez les labyrinthes du coûteux Amp-Tree-Syste et trouvez les nouveaux bonus dispersés.Attaquez-vous aux défis dans n'importe quel ordre grâce au design typé monde ouvert.Plus de 150 chambres à explorer et à compléter.Sauvegardez n'importe où et n'importe quand. ",<NA>,<NA>
38,10000000,73,9,"['Mobile', 'PC']","['Puzzle', 'Role-Playing']",2012,6.316666666666666,$4.99,1.0,0.05,90 ,1666,9,"jeu 10000000 est un jeu de combinaison Dungeon-RPG. Parcourez le donjon, combinez les tuiles et courez aussi longtemps que possible    - Des monstres vous barrent la route ? Prenez vos épées, vos bâtons et éliminez les orques, les dragons et tous les éléments gênants   - Pas de combinaison apparente ? Cherchez des objets dans votre sac à dos. Vous pouvez aussi lancer un sort modifiant toutes les tuiles du plateau, ou manger quelque chose pour reprendre des forces.   - La bataille est trop coriace ? Servez-vous du butin trouvé pour vous rendre chez le forgeron et l’armurier, qui amélioreront votre équipement et le rendront épique    « La liberté coûte 10 millions, j’espère ne jamais y arriver » - Kotaku    - Et c’est un RPG, en plus ! – Chaque donjon, chaque combat contre un monstre vous octroie de l’expérience à dépenser au bâtiment d’entraînement pour obtenir de nouvelles compétences   - Améliorez votre château – Combinez les pierres et les morceaux de bois pour les ramener chez vous et améliorer votre château    « Ce jeu est sacrament bon. » – Pocket Tactics     - Préparez des potions pour prendre des forces, ou si vous en avez le courage, buvez des potions qui rendront les monstres et les coffres plus difficiles mais augmenteront votre score.   - Difficulté rogue-like – L’objectif de 10000000 est difficile à atteindre, mais vous pouvez recommencer le donjon autant de fois que vous le souhaitez en accumulant à chaque fois de la puissance   - Et pour couronner le tout, vous aurez de la musique rétro et du pixel art pour vous accompagner",2,1181
46,15 Days,44,8.6,['PC'],"['Adventure', 'Role-Playing']",<NA>,7.533333333333333,$9.99,<NA>,<NA>,32 ,131,5,"jeu A three-man activist group has set out to make the world a better place by stealing famous pieces of art in the world's most renowned museums, selling them to private collectors, and donating the money to charity.Though hunted by police forces, the group manages to stage one successful coup after another - until one day a mysterious new client appears and the group finds itself in the middle of a political conspiracy...Key FeaturesMystery conspiracy adventure game with unexpected story twistsCurrent, believable game worldContemporary visual languagePointed scriptFast-paced, dynamic narrationInteresting technical gadgets that allow realistic interaction with the environment4 different playable characters on both sides (police & activists)Accessible thanks to very moderate difficulty ",<NA>,<NA>
50,18 Wheels of Steel: American Long Haul,53,23.1,['PC'],['Simulation'],2007,20.916666666666668,$9.99,<NA>,<NA>,75 ,387,7,"jeu Le rêve américain au volant d'un semi-remorque !Les autoroutes nord-américaines vous attendent. Vous êtes votre propre patron.Relevez le défi - Que le meilleur gagne. N'oubliez pas que seul le profit compte !Transport - 45 types de marchandises différentes : bétail, produits chimiques, matériel de construction... Conduite - Ces monstres mécaniques ne se conduisent pas tout seul. Faites le plein et les réparations nécessairesCompétition - Faites votre travail vite et bien pour mettre la concurrence dans le vent. Faites-vous une réputation de New-York à Los Angeles en passant par le Canada et le Mexique !Prenez de l'importance - Construisez un empire et collectionnez jusqu'à 37 camions. ",4,37
66,3079,27,23.8,['PC'],"['First-Person', 'Action', 'Open World', 'Role-Playing', 'Shooter']",2011,3.4,$4.99,<NA>,<NA>,52 ,303,6,"jeu 3079 is a futuristic, open-world action first-person role playing game. All areas, buildings, items, quests and characters are randomly generated. You will find unique lands & challenges. I hope you enjoy it![/b]Please follow Phr00t's Software for giveaways, updates & more! https://www.facebook.com/phr00ts.softwareYou arrive on a planet experiencing constant war. It is your duty to find out why the warring factions cannot find peace on their own & hopefully restore it yourself.Java RequirementMake sure you have Java 7 Update 45 (or better) installed!On Windows, if you have trouble, you may need to uninstall other versions of Java.You can get Java from: http://www.java.com/getjavaKey FeaturesTrading Cards are here!Practically endless, open-world explorationFuturistic weapons and items procedurally generated for endless character equipmentDifficulty that increases as you explore further (don't worry, items get better too!)Fully functional Multiplayer with Twitter integrationProcedurally generated quests for rewards and story advancementFortress building using a construction toolBody-part specific damage calculation and dismemberment: Head Shot!Skill system for things like engineering, charisma and camouflageDifferent biomes (grassland, mountains, snow, poison, desert, sea etc.)Complete storyline that has a start, middle and endSloped surfaces and higher polygon models gives the world a new, less ""blocky"" lookChallenging artificial intelligence -- enemies and allies will dodge, follow, inspect sounds etc.3D effects like anti-aliasing, damage & underwater blurringSoft ray-traced lighting (makes for nice shadows to hide in)A very fast, efficient multithreaded engine for smooth, high FPS gameplay almost completely free of ""lag""Recommended GuidesCommunity Hub: http://steamcommunity.com/app/259620/guides/Game Series ",0,646
71,3D Ultra MiniGolf Adventures,63,13.6,"['PC', 'Xbox 360']",['Sports'],2007,4.066666666666666,$9.99,<NA>,<NA>,67 ,106,6,"jeu Que vous soyez un vétéran ou un débutant, préparez-vous à un match animé et amusant avec quatre personnages au caractère affirmé. Progressez le long des 36 trous délirants de ce minigolf sur des parcours 3D riches en monticules, en bunkers, en ponts et en étendues d'eau… Entre autres obstacles ! Choisissez parmi de nombreux environnements différents en fonction de votre humeur : Classic Carnival, The Old West ou Outer Space.   Des parcours 3D soigneusement conçus   Des parcours à rebondissements en vues panoramiques.   Mode multijoueur à 4 joueurs   Choisissez parmi 4 personnages jouables très détaillés, chacun avec leur propre personnalité et des animations différentes.   Un défi de 36 trous   Des parcours basés sur trois thèmes majeurs : Classic Carnival, The Old West ou Outer Space.   Des fonctions multiples   Récupérez de puissants bonus et évitez des pièges imaginatifs pour garder le rythme dans des parties imprévisibles et passionnantes.   Un éditeur de parcours   Dessinez votre propre parcours en mélangeant toutes les combinaisons possibles de tees, de lignes droites, d'angles, de croisements ou de rampes.     ",<NA>,<NA>
75,3SwitcheD,35,23,['PC'],<NA>,2012,51.0,$9.99,<NA>,<NA>,36 ,130,5,"jeu Un classique des jeux vidéo dans une nouvelle dimension !Grâce à de somptueux graphismes 3D et aux nouvelles technologies, ce classique des jeux vidéo a été métamorphosé en un titre extrêmement captivant. 3SwitcheD™ vous propose six défis variés et d'innombrables heures de divertissement, comprenant des niveaux bonus à débloquer et une interminable chasse aux records. La technologie innovante du Suivi du visage 3D-ETTM vous transporte dans une nouvelle dimension, dans laquelle une caméra scannera vos moindres mouvements en temps réel ! Cette technologie unique analyse la position de votre visage par rapport à l'écran, et ajuste la zone de jeu en temps réel lorsque vous trouvez les diamants !Pour les joueurs n'utilisant pas cette technologie, le jeu est également un plaisir à regarder et offre de nombreux défis ! Êtes-vous prêt à relever ces défis ?GameplayDéplacez les diamants de manière stratégique afin d'accéder aux niveaux bonus pour multiplier votre score dans Clearing Clusters.Décrochez de nouveaux records en associant rapidement les diamants dans Snazzy Swap.Dans Pathfinder, déplacez les diamants de manière stratégique afin de garder la voie libre. Dans Moving 4-ward, des évènements bonus testeront vos stratégies de jeu.Fonctionnalités :Une édition 3D innovante d'un classique des jeux vidéoSix modes de jeu différentsUn gameplay facile à prendre en main.Des graphismes somptueux pur le plaisir de yeux.Choisissez entre 2 bandes-son harmonieuses.Compatible avec la technologie 3D-ETTM. ",<NA>,<NA>
77,4 Elements,62,10.1,"['Nintendo 3DS', 'Nintendo DS', 'PC', 'PlayStation 3']","['Adventure', 'Puzzle']",2008,8.35,<NA>,<NA>,<NA>,88 ,562,9,"jeu Le vieux royaume est en péril. Les 4 éléments qui maintenaient l'équilibre pendant des siècles ont été corrompus par les forces du mal et l'autel ne contient plus l'énergie vitale. Il vous revient la mission de trouver et de débloquer les 4 grimoires magiques et de collectionner les 16 cartes mystérieuses qui rendront la vie au royaume. Une fée clochette vous aidera dans cette aventure périlleuse dans laquelle vous croiserez des dragons, des chevaliers et des créatures magiques. Ce jeu, bien qu'utilisant une jouabilité classique va vous  emportez vers de nouveaux sommets avec les rebondissements, des bonus, des effets graphiques spectaculaires et une histoire fabuleuse.Plus d'information :4 livres magiques dont il faudra percer les secrets16 carte mystérieuses à collectionnerMagnifiques Animations et histoire haletante64 niveaux avec 20 challenges/bonusNombreuses créatures magiquesEffets visuels sidérants et bonus fantastiques ",<NA>,<NA>
79,40 Winks,57,9.6,"['Nintendo 64', 'PC', 'PlayStation']",['Platform'],1999,7.166666666666667,$12.99,<NA>,<NA>,70 ,30,7,"jeu FIGHT AS A NINJA. TRANSFORM INTO A ROBOT...OR A MONSTER!  Fight skeletons, spiders and aliens. Battle with robots, zombies, giant dinosaurs... In this dangerous, dream filled 3D adventure game, everything is out to get you! CAN YOU BEAT THE EVIL DREAM THIEF, THE SCHEMING NITEKAP, AS YOU JOURNEY THROUGH 6 NIGHTMARE WORLDS?  40 Winks is an action platformer where you control brother and sister, Ruff and Tumble. Your goal is to collect 40 Winks scattered around the world to stop an evil man called Nitekap. Nitekap wants to turn the winks into hood-winks who are responsible for giving children nightmares.  Game Features:  •Transform into different characters! Attack as a stealth ninja, fight as ferocious monster, or fly into action as a super hero! •Tons of mini-games as well! Race dragons, strap on a rocket, and more! •6 themed levels - a scary castle, shipwreck city, outer space, deep down underwater, back to the prehistoric world of T-Rex and giant wasps and into the nightmare world of ghosts and monsters.",0,4
83,4x4 Hummer,<NA>,<NA>,['PC'],['Racing/Driving'],2009,7.0,<NA>,<NA>,<NA>,<NA>,<NA>,<NA>,<NA>,0,6
94,7 Wonders: Magical Mystery Tour,66,2.8,['PC'],['Puzzle'],2012,7.033333333333333,$6.99,<NA>,<NA>,100 ,42,8,"jeu In an all-new 7 Wonders, you’ll take a fantastic journey to some of the most enchanting sites ever dreamed of.  With a team of master builders, you’ll match colorful runes to collect the building blocks needed for Camelot, El Dorado, Atlantis, Shangri-La, and many others.  Build all 7 Wonders and then unlock a magical 8th location, Nazca Valley!    Make bigger matches to unlock power-ups that can help you gather your resources even more quickly!  Complete each wonder to add to your team of builders so that you can fully assemble your crew of Guild Workers.  Dust off your match-making know-how for a charming trip through the 7 Wonders Magical Mystery Tour!    Key Game Features: •7 Magical Locations to explore: Camelot, El Dorado, Atlantis, Bimini Fountain of Youth, City of Caesars, Shangri-La, Valhalla •BONUS 8th Wonder to unlock! •Complete your Guild Workers crew with all of the Master artisans •Addictive rune-matching game play for hours of fun •Bigger matches give you bigger power-ups!  •Fun mini-games for an extra challenge!",<NA>,<NA>
95,7 Wonders II,60,8.4,"['Nintendo DS', 'PC']",['Puzzle'],2008,6.5,$9.99,<NA>,<NA>,88 ,54,9,"jeu Avec la série des jeux 7 Wonders, retournez à l'époque où de magnifiques édifices ont été construits dans de lointains pays. Amusez-vous avec un jeu de match 3 dans une environnement graphiquement revu et corrigé dans lequel vous n'apprenez pas seulement des informations à propos des différentes nouvelles merveilles du monde (comme Stonehenge ou encore le Taj Mahal), mais vous assistez à leur création, pièce après pièce.  Des animations incroyablement riches De nouveaux power-ups explosifs, comme la Single Cell Bomb, le Chameleon et le Timer Freeze Sept nouveaux lieux à explorer et autant de merveilles à découvrir Participez réellement à la construction en choisissant quelle section de chaque construction vous souhaitez d'abord réaliser et suivez la progression des travaux sur votre écran et dans les menus du jeu. Associez de manière stratégique différentes pièces dont le nombre est limité, pour obtenir des éléments critiques qui vous aideront. Nouvelle option pour mélanger les différentes pièces afin que le jeu dure encore plus longtemps ! ",13,26
96,7 Wonders of the Ancient World,62,7.8,"['PC', 'PlayStation Portable']",['Puzzle'],2007,5.233333333333333,$6.99,<NA>,<NA>,85 ,63,9,"jeu Embark on a journey no one has taken before! Your quest begins at the foot of The Great Pyramid of Giza and continues through the Egyptian sands to the mysterious Hanging Gardens of Babylon.  Travel through the enchanting Mediterranean islands to the glory of ancient Greece as your voyage continues.  If you’re successful, you will behold the amazing Seven Wonders of the World.  Let the journey begin!  Key Game Features: •Supply building stones to your workers by matching three same-colored runes •Time is limited!  If you don’t make enough progress, your workers will strike •49 original levels as you journey through the 7 Wonders of the Ancient World •Earn exciting power ups that will aid in your journey",14,23
97,7 Wonders: Ancient Alien Makeover,64,6.4,['PC'],['Puzzle'],<NA>,6.616666666666667,$9.99,<NA>,<NA>,93 ,63,9,"jeu The long-standing 7 Wonders series keeps getting better and better! The fifth installment, 7 Wonders: Ancient Alien Makeover, adds an entirely new game component, new Wonders and a new and exciting material – Alien Energy!The goal is still to construct exciting new Wonders by swapping same-colored runes to make matches of three or more to the tune of exploding bonuses. Make enough matches before time runs out to fill your arsenal with power-ups and the materials needed to complete your Wonders before your very eyes! As you complete each game board, bricks, water, gems, landscape, and now – Alien Energy! Excel and face bonus levels that take you deep below the earth’s surface to win materials like gold to adorn your Wonders! There is also, for the first time, a secondary game component to build a village! Mini-games rewards players with buildings and decorations to create their own village. Build all 7 Wonders and then unlock a magical 8th location, Nazca Valley! New game play and new Wonders await in Ancient Alien Makeover!Key Features:56+ addictive and challenging levelsExpanded play fieldNew “alien energy” construction material!New village component4 difficulty modes including “Zen” which has no timer.Players earn a star rating for the completion of any Wonder. There is replay value to improving the star rating from a 2 to a 4 because it will lead to unlocking the Bonus Wonder and more things to decorate the village.Players can earn a wide variety of achievements which are displayed in a trophy room. ",5,45
98,7 Wonders: Treasures of Seven,65,7.1,"['Nintendo DS', 'PC']",['Puzzle'],2008,7.233333333333333,$9.99,<NA>,<NA>,83 ,49,8,jeu Il est maintenant temps de construire 9 des structures les plus invraisemblables de l'histoire. Faites correspondre les runes pour détruire les blocs et trouver les serrures et les clefs de pierre. Faites pivoter les cubes pour découvrir les clefs !                    Une fois que vous avez parcouru les côtés du cube entrez dedans pour construire le compas et les 9 merveilles.                     Jeu puzzle avec des rotations                     Résoudre les puzzles vous fait progresser...                     ...et vous donne des pouvoirs supplémentaires                     9 merveilles à construire                     ,<NA>,<NA>
104,8 Eyes,53,6.8,"['NES', 'PC']",['Platform'],1990,2.6166666666666667,$6.99,<NA>,<NA>,80 ,15,8,"jeu Features Unique Cooperative 2-Player Simultaneous Mode! Contains Password Level Select! Control man and bird in a fight for the eight jewels of power!  After eons of chaos, mankind has finally emerged from the ruin brought on by nuclear war. The world has flourished once again under the guidance of the Great King, who has harnessed the power of the 8 Eyes to rebuild the planet.  The 8 Eyes -- strange and powerful Jewels -- were formed in the stellar centers of eight thermonuclear blasts. To possess them is to possess all earthly power.  Now, a loose confederation of dukes has through treachery banished the Great King and seized the 8 Eyes in a bid for power. And already their petty infighting has the world trembling on the jagged edge of atomic war.  The task of retrieving the Jewels falls to you, Orin the Falconer -- the bravest and mightiest of the King's Guardsmen. With your fighting falcon, Cutrus, you must penetrate the donjon keeps of each of the faithless dukes. There you will face the ducal mercenaries -- and battle living skeletons, giant wasps, mud men, and other mutated horrors. You must defeat the monstrous Boss of each fortress to retrieve the Jewel he guards. If you are able to return the 8 Eyes to the Altar of Peace, the Earth will pass into another millennium of peace and plenty. If not...",<NA>,<NA>
105,8-Bit Commando,54,11.1,['PC'],"['Action', 'Platform', 'Shooter']",2011,1.0666666666666667,<NA>,<NA>,<NA>,<NA>,<NA>,<NA>,<NA>,<NA>,<NA>
110,99 Levels to Hell,56,13.2,['PC'],"['Action', 'Platform', 'Shooter']",2013,7.65,$4.99,<NA>,<NA>,59 ,328,6,"jeu 99 Levels to Hell is a platform shooter with lots of guns, upgrades, magic, traps and monsters to kill. 99 Levels to Hell is a rogue-like, which means surviving is key and every time you play you get a new set of levels to play. When you complete 10 levels, the 10th being a boss-fight you unlock a door to the next dungeon. Hidden in the darkness of the dungeons are shops, casinos and elevators. And if you search the dungeons carefully, you might find secret rooms that unlock more of the story, and free new adventurers, you can play as in your next game.But best of all you get to kill the devil to a killer metal soundtrack!Key Features10 different dungeons.10 bossfights.100 levels that spawn at random.25+ monsters.50+ powers ups and weapons.Shops, portals, casinos and elevators.Unlock the story of two brothersAnd blood, a lot of blood. ",<NA>,<NA>
115,9th Company: Roots of Terror,30,7.9,['PC'],"['Real-Time', 'Strategy']",2009,4.0,$9.99,<NA>,<NA>,59 ,177,6,"jeu 9th Company Roots of Terror est un jeu de stratégie en temps réel orienté action qui se déroule pendant la campagne soviétique en Afghanistan.9th Company est l'histoire d'un bande de recrues formées en Ouzbékistan qui se trouve confrontée aux Moudjahidin Afghans. 9th Company retrace scrupuleusement les conditions de l'invasion soviétique. En janvier 1988, la 345ème se retrouve sous un feu nourrit pendant plus de deux jours. Certains des membres de cette section seront promus au rang de héros de l'Empire Soviétique.Tactique : choisissez votre mission ou explorez les cartes de l'Afghanistan. Effets 3D soufflants, une expérience unique. Récompense et système de morale pour chaque personnage et système de détection des unités mécanisées pour une atmosphère plus réaliste. Un système complexe de comportement tactique et de puissance de feu avec contrôle des unités mécanisées, infanterie, unités d'assaut, de reconnaissance et spéciales. Plus de 80 types différent. Mission non linéaires. Unités prennent de l'expérience au fur et à mesure des missions. Possibilité de former des unités d'élite.  ",<NA>,<NA>
119,A Boy and His Blob,66,7.3,<NA>,"['Platform', 'Puzzle']",2009,9.833333333333334,$9.99,<NA>,<NA>,82 ,193,9,"jeu A Boy and His Blob makes its triumphant return! A reimagining of the NES classic, as the boy, you feed your blob jelly beans and watch him transform into cool and useful objects to solve puzzles and escape danger. With its robust and emotionally driven story, challenging puzzles, and visually impressive art style, A Boy and His Blob is sure to become a classic once again.When Blobolonia is threatened by an evil Emperor, the blob comes to Earth looking for help. Instead, he finds a young boy. Help the blob dethrone the evil Emperor that's terrorizing Blobolonia and establish a friendship with the blob that will last a lifetime.Experience the heartwarming story through an all-new, hand-drawn and animated presentation!Transform the blob into 15 useful items by feeding him jelly beans such as the all-new Caramel Cannon and Bubble Gum Bouncer and classic beans like the Licorice Ladder, Apple Jack and Tangerine Trampoline.Traverse woods, swamps, caves, the Blobolonian Outskirts and even the Emperor's Citadel through 40 breathtaking levels filled with hidden treasures! Collect treasure to unlock 40 additional challenge levels that will put your skills to the ultimate test! ",<NA>,<NA>
125,A Farewell to Dragons,20,13.3,['PC'],"['Role-Playing', 'Adventure']",2009,<NA>,<NA>,<NA>,<NA>,<NA>,<NA>,<NA>,<NA>,<NA>,<NA>
127,A Game of Dwarves,65,14.1,['PC'],"['City-Building', 'Strategy']",2012,35.0,$9.99,<NA>,<NA>,64 ,353,6,"jeu A Dwarven Prince on a quest to reclaim his people’s stolen land will take you on a great journey. Explore a continent filled with buried treasures and unearth mysteries that have laid hidden since the Great War. Take charge of your Dwarven settlement while mining, exploring and utilizing your resources with a combination of strategy and management.Order the inhabitants of a Dwarven settlement to dig, build and conduct research in order to strengthen the clan. Be careful though because you must defend your Dwarves from the terrible beasts that lie in the depths. A unique world is generated each time a new level starts, so you will need to dynamically adapt your strategies and tactics during each session.As you advance, the Dwarves will level up and gain new skills; progressing from weak dwarvlings to near immortal warriors or master craftsmen. There are also rare resources to be found deeper in the earth that grant access to better buildings and equipment. However, the deeper you dig the more dangerous foes you might unleash…Key Features:Explore – The randomly generated maps offer replayability while also providing a sense of explorationBuild – customize your settlement with not only practical constructions, but beautiful ones too! Build objects you think look great, while still gaining progress. Home is where the art is.Command – With an intuitive order system the player can easily control oodles of dwarves simultaneously without the need for extensive micro managementA 13 level, story driven campaignCustom game mode: Create a world without enemies so you can build uninterrupted or spawn lots of them to increase the challenge ",3,1623
128,A Game of Thrones: Genesis,48, 19.4,['PC'],['Strategy'],2011,10.4,$9.99,<NA>,<NA>,34 ,394,5,"jeu Quel roi serez-vous ?Conquérant, usurpateur ou diplomate ? ""A Game of Thrones - Genesis"" vous plonge au cœur des batailles et des intrigues entre les grandes Maisons qui ont façonné le royaume de Westeros. Depuis l’arrivée de Nyméria sur les terres du royaume de Dorne, jusqu’au réveil des « Autres » au-delà du Mur, c’est toute la genèse de la grande saga du Trône de Fer que vous vivrez à travers plus de 1000 ans d’Histoire en devenant acteur des batailles et des événements fondateurs de WesterosDans ce grand jeu mêlant stratégie, diplomatie et politique, victoire ne rime pas nécessairement avec force. Vous pouvez opter pour une approche militaire et assiéger vos adversaires, les étouffer dans une guerre économique, ou encore faire usage de ruse et de diplomatie pour les écraser politiquement ! Traîtrise et fourberie sont de la partie et peuvent s’avérer plus renversantes que la plus puissante des armées. Surveillez vos arrières et apprêtez-vous à livrer une lutte sans merci pour prendre place sur le Trône de Fer. Caractéristiques :Ce jeu est l'adaptation de la saga fantastique ""A Song of Ice and Fire"" de George RR Martin.Une profondeur de jeu incroyable : un gameplay passionnant mêlant stratégie, diplomatie et politique. Découvrez la genèse de l’univers du Trône de Fer à travers le mode Histoire, et participez aux plus grands conflits qui ont façonné Westeros.Affrontez jusqu’à 7 autres joueurs en multijoueur. Formez des alliances et rompez-les, faites preuve de subtilité tactique et écrasez vos adversaires ! ",<NA>,<NA>
130,A Hat in Time,82,3.4,"['Mac', 'Nintendo Switch', 'PC', 'PlayStation 4', 'Xbox One']","['Third-Person', 'Action', 'Adventure', 'Platform']",2017,9.833333333333334,$29.99,<NA>,<NA>,96 ,39256,10,"jeu A Hat in Time est un jeu de plateformes super-choupi où une petite fille doit tricoter ses propres chapeaux tous dotés de pouvoirs totalement déments !Une petite fille et son vaisseauA Hat in Time te met dans les chaussures d'une jeune voyageuse de l'espace coiffée d'un haut-de-forme. Son aventure se trouve brusquement interrompue car le carburant de son vaisseau, les Fragments Temporels, se sont écrasés sur une planète voisine. Elle doit maintenant utiliser son vaste arsenal de mouvements et de chapeaux afin d'explorer ce monde inconnu dans ses moindres recoins pour pouvoir reprendre son voyage. Sur sa route, elle croisera de nombreux personnages, tel que la Mafia des Cuistots, les oiseaux des Studios Dead Bird,  les menaçants autochtones de la Forêt Onirique, et plus encore !Enquêter dans un train ! Des parades ! S'infiltrer dans un studio de cinéma ?Chaque mission de A Hat in Time est unique ! Entre résoudre Le Meurtre de l'Owl Express, mener La Grande Parade, et devoir vous infiltrer dans les Studios Dead Bird, vous ne saurez plus sur quel pied danser !Une petite fille dans un vaste mondeBondissez librement dans 5 mondes gigantesques, où l'aventure vous attend à chaque virage ! Comme n'importe quel enfant, cette petite fille adore courir de partout, aucune montagne n'est insurmontable pour elle.  Sa vaste panoplie de sauts lui permet d'aller où bon lui semble !Pelotes magiques, badges et autres chapeaux mignonsEn trouvant les pelotes cachées dans les mondes, de nouveaux chapeaux, tous avec leur propres pouvoirs vous deviendront accessible, la coiffe  de alchimiste vous permettra de jeter des concoctions explosives, un masque à l'allure flippante vous permettre de jeter un bref coup œil  dans une autre dimension. Les chapeaux peuvent même être améliorés, en achetant des badges aux habitants de chaque monde !Le communautaire mis en avantA Hat in Time a été rendu possible par Kickstarter, atteignant près de 10 fois sa somme initiale ! Pour célébrer cela, il est désormais possible de modder A Hat in Time, qui a son propre Steam Workshop, mais aussi de prendre ses propres photos, et plus encore !",263,7272
134,A New Beginning,67,4.4,['PC'],"['Point-and-Click', 'Adventure']",2011,9.966666666666667,$9.99,<NA>,<NA>,74 ,1342,7,"jeu A New Beginning est un thriller d’aventure cinématographique réalisé dans le style d’un roman visuel. Dans cette aventure charmante et pleine d’esprit, la Terre est sur le point de subir une catastrophe climatique. Vous devez faire le tour du monde pour épargner le genre humain et sauver l’humanité de ce destin terrible.Le bio-ingénieur Bent Svensson a été forcé d’arrêter ses recherches sur les sources d’énergie alternatives. Cet ancien travailleur acharné vit maintenant en reclus dans les forêts isolées de la Norvège. Sa paisible retraite anticipée est gâchée par Fay, une jeune femme qui prétend venir du futur. Elle essaye de le convaincre qu’elle est venue pour empêcher cette catastrophe climatique de se produire et que d’après elle, les recherches de Bent constituent ses dernières chances d’y parvenir.Cependant, ses résultats sont sur le point de tomber dans les mains d’un géant de l’énergie sans conscience intéressé uniquement par les bénéfices de ses investissements.Ensemble, Bent et Fay doivent maintenant mettre fin à cette catastrophe planétaire imminente.Caractéristiques Un thriller d’aventure de toute puissance, basé sur le problème contemporain du réchauffement mondial Plus de 100 arrière-plans époustouflants et très détaillés Plus de 20 heures de temps de jeu Style de roman graphique exclusif avec une heure de scènes de dessin animé coupées Un chef-d’œuvre, écrit par les créateurs de « The Whispered World », « The Dark Eye: Chains of Satinav », « Harvey's New Eyes » et de la trilogie Deponia ",6,173
138,A Stroke of Fate: Operation Valkyrie,55,8.4,['PC'],"['Point-and-Click', 'Adventure']",2009,9.0,$6.99,<NA>,<NA>,68 ,25,6,"jeu L'opération Valkyrie est un épisode célèbre de la résistance allemande dont le but est de renverser le tyrannique gouvernement Nazi. Standartenfuhrer Gerhard Mayer, un patriote qui travaille au Département Central pour la Sécurité du Reich apprend que la Gestapo a localisé les conspirateurs. Il fait tout son possible pour que l'enquête lui soit confiée et tente de brouiller les pistes de la Gestapo afin d'aider la Résistance à renverser le régime Nazi et mettre fin à la guerre. Caractéristiques principales :  Jeu d'aventure et d'enquête sur fond de trame historique. Graphismes photoréalistes haute-résolution. Immersion totale dans une atmosphère historique, avec possibilité d'afficher les graphismes en noir et blanc dans le style des vidéos d'époque. Environnements ultra-détaillés, multiples personnages, mini-jeux d'espionnage.  ",1,8
139,A Tale of Two Kingdoms,70, 17.6,['PC'],['Adventure'],2007,8.4,$11.99,<NA>,<NA>,90 ,22,8,"jeu A Tale of Two Kingdoms is a graphical adventure in the style of the classic Sierra games. Set in the world of Celtic mythology and fairy tales, it features many sidequests and alternate endings. This release is a Deluxe Edition with a new interactive prologue, several graphic updates, and professional voice acting.Travel to the realm of Theylinn as the king calls on his old enemies for aid against a goblin invasion, get involved in intrigue and fairy trickery, and get stalked by an evil sorcerer who has its own agenda. Highly recommended for all fans of retro gaming.ATOTK was named Game of the Month by PC Zone UK, and has won four AGS Awards including Best Animation and Best Puzzles.""If ATOTK came out during the genre's heyday, we'd probably be waxing nostalgic about it today in the same breath as King's Quest."" - Games for Windows""A Tale of Two Kingdoms simply blew me away ... This game is a great achievement ... Final Grade: A"" - Just Adventure""An exceptionally good fairy tale Adventure which will be of enormous appeal to fans of the King's Quest series of Adventures. A lovely game."" - AdventurePoint",0,8
140,A Valley Without Wind,68, 15.6,['PC'],"['Strategy', 'Adventure', 'Role-Playing']",2012,17.25,$14.99,<NA>,<NA>,62 ,191,6,"jeu A 2D sidescroller without a linear path. An action game with tactical combat and citybuilding. An adventure game that lets you free-roam a vast, procedurally-generated world. A Valley Without Wind defies genre stereotypes. Unlike other procedurally-generated games, you also get a logical progression in difficulty, plus helpful tips and checklists to guide your travels (should you need them).Choose for yourself how to prepare to face the vastly stronger Overlord. Complete a variety of missions to earn new spells, and/or roam the wilds to uncover secret missions and stashes of magical crafting loot. Customize your characters with unique combinations of enchants and spells that change how you move, jump, and fight. Or rescue people and bring them back to your settlement so that they can then be sent on dispatch missions; you don't have to carry the burden of your fledgling civilization alone! You choose how to play, and the world adapts around you.Key features:Travel alone or with friends across an ever-expanding world of dangerous creatures, powerful magic, high technology, and mysteries. You have choice. The world of Environ is a procedurally generated sandbox, and lets you go anywhere you see -- including right into the overlord's keep at any time. (Good luck with that.) Environ is endless. When you save one continent from an overlord, a larger and more complex continent appears. The game adapts to how you play: as you demonstrate your proficiency, monsters and missions upgrade accordingly. Killed 100 bats? Okay, time for... bats on fire! Crazy amounts of character customization. Combine a multitude of spells, enchants, and equipment to create specialized character builds. Play as a long line of brave adventurers. It's not a question of IF your character is going to die, but WHEN. Any character that dies is permanently lost, but you keep all your inventory, enchants, and general progress in the game. Become a community leader. Rescue NPCs for your settlement, construct buildings for them, and improve their skill and mood -- then send them on dispatch missions to help you in return! Be a clever problem-solver. Challenges have more than one solution, each with its own pros and cons. You get to figure things out rather than just jumping through a set of hoops. Difficulty levels give exactly the challenge you want, from casual to hardcore on platforming, combat, and citybuilding independently. All owners of Valley 1 also get the much-improved sequel absolutely free!  Valley 2 is out now, and features a different style of more-focused, non-sandbox play.  Both games are quite distinct from one another, but you don’t have to choose between them -- both are yours for the price of one! ",0,290
141,A Valley Without Wind 2,57,11.7,['PC'],"['Action', 'Adventure', 'Strategy']",2013,10.05,$14.99,<NA>,<NA>,47 ,109,6,"jeu A modern take on the 16-bit era, A Valley Without Wind 2 blends a variety of mechanics across multiple genres, seamlessly bringing together the best qualities of old-school platform-shooters and turn-based strategy games.  You choose how and where to explore via the world map, how to upgrade your character via mage classes, feats, and perks that you unlock, and how to battle the forces of evil every step of the way. Your character is a mage who has infiltrated the inner circle of the evil Demonaica, and you now share the power of immortality that he uses to terrorize the land. Using this power against him, it's time to lead an uprising and ultimately bring him and his henchmen back to mortality so that they can be dispatched.Gameplay alternates between two modes that complement each other: brief, tightly-designed platforming segments where your character customization and equipment can be tuned to meet the tactical needs of the current stage; and quick strategic turns on the world map where you order your troops to fight, scavenge, build, recruit, farm, and use special powers.  Demonaica and his armies pursue your forces directly on the world map, while his five henchmen have been sent to recapture you in the platforming segments.Your immortality came at great personal cost, but it makes you the one last hope of saving the world from darkness.Key Features:Platforming and Turn-Based Strategy Coupled Together: Flip back and forth between your own adventure, and the progress of the resistance you're in charge of.  Freely adjust difficulty levels for both to tailor the experience to your own personal playstyle.  Both sides of the game can be quite easy or incredibly hard.More Tactile Combat:The physics of movement and attacks have been completely redone from the first title, with more traditional gamepad and keyboard support. Spells have mass and can block each other, leading to many interesting tactical situations in the platforming segments. Vastly Improved Visuals:Fully redone artwork by Heavy Cat Studios, including 125 all-new monsters, 200 spells, and lots more.Focused Gameplay Arc:Unlike the endless sandbox-style first game, this complete re-imagining has a distinct beginning, middle, and end.Procedurally Generated Worlds:Each world is a unique challenge, leading to excellent replay value once you do beat the game!Co-Op Multiplayer:Bring along as many friends as you like on your journey, depending on your connection speed. 2-8 players recommended on most Internet connections; many more on LAN. See Just How Deep An Arcen-style Rabbit-Hole Goes:After dozens of hours you still haven't seen it all: 50 mage classes in 5 tiers, 200 spells, 125 enemies, 14 biomes, 100+ types of world map tiles, 64 character customization perks, 100ks of procedural equipment possibilities.Extra Challenges For Expert Players:String together flawless kills to earn ""concentration"" and become even stronger.  Beat the game on harder difficulties to earn rare achievements.Get The Original Game For Free!The original game was unique and experimental, and it comes included absolutely free when you buy the sequel. ",<NA>,<NA>
142,A Vampyre Story,69,7.2,['PC'],['Adventure'],2008,7.2,$9.99,<NA>,<NA>,68 ,177,6,"jeu Il était une fois...Au fin fond d'un lugubre château dans le tout aussi sinistre pays de Draxsylvanie, la jeune chanteuse d'opéra émérite Mona De Lafitte est maintenue prisonnière par son oppresseur, le vampire Baron Shrowdy Von Kiefer. Après avoir été transformée en vampire par le Baron Shrowdy, Mona ne rêve que d'une chose : quitter la Draxsylvanie et retourner à Paris afin de poursuivre sa carrière de chanteuse, et devenir un jour une grande cantatrice de l'Opéra de Paris.Lors d’une des escapades nocturnes du Baron Shrowdy, Mona tient enfin une occasion de s'enfuir. Avec l’aide de son seul ami et confident, une chauve-souris espiègle nommée Froderick, elle s'évade de sa prison et tente de retrouver le chemin de Paris. Au cours de son odyssée en Draxsylvanie, où elle rencontrera d'étranges habitants et fera face à des défis plus étranges encore, Mona devra non seulement apprendre à accepter sa condition de vampire, mais également à tirer profit de ses nouvelles aptitudes.L'aventure de “A Vampyre Story” a été conçue par Bill Tiller, connu des fans d'aventure pour son formidable travail sur quelques-uns des plus grands classiques du jeu d'aventure tels que Monkey Island, Indiana Jones ou encore The Dig.Le joueur utilise une interface point & click pour diriger Mona et Froderick à travers un monde riche en détails, comportant plus de 30 environnements magnifiques dessinés à la main, le tout utilisant une technologie temps réel de caméra 'Multiplane', poussant le joueur à examiner et à explorer toujours plus chaque décors. Durant son périple parsemé d'énigmes, Mona rencontrera plus de 20 personnages entièrement en 3D, du plus loufoque au plus terrifiant, durant environ 15 heures de jeu ponctuées d’énigmes et de puzzles souvent drôles et toujours passionnantes.Points forts:Un grand jeu d'aventure point & click réalisé par Bill Tiller.Plus de 30 lieux magnifiques dessinés à la main - utilisant une technologie temps réel de caméra 'Multiplane'.Plus de 25 personnages hauts en couleur - du plus étrange au plus insolite.Des compétences vampiriques qui auront une incidence sur les événements.Plus de 15 heures de fun et d’énigmes désopilantes. ",<NA>,<NA>
143,A Virus Named Tom,57, 15.2,"['PC', 'PlayStation Vita']","['Action', 'Puzzle']",2012,4.283333333333333,$9.99,<NA>,0.35000000000000003,72 ,62,7,"jeu A perfect place. A city without traffic. A dog that doesn't poop. All products of the brilliant mind of Dr. X, but hell hath no fury like a mad scientist fired by a giant corporation. In this unique action-puzzler you take control of TOM, a virus created for one purpose: revenge. Hack your way through brain scrambling puzzles while maneuvering through a thumb cramping maze of enemies. Team up through over 50 cooperative levels in what MMGN is calling ""The most addictive co-op game we've played since Portal 2.""  And if the over 100 levels aren't enough, you and your friends can destroy each other again and again in battle mode to determine just who is the supreme virus.Key Features:Single Player mode with over 50 levels across 6 distinct areasCooperative mode (for up to 4 players) with over 50 additional levels in which ""friendships will be destroyed""Battle for supreme virus-itude by battling your friends in Battle ModeEvolving mechanics which ratchet up the difficulty from lollipop to soul crushingAn animated tale full of dark humor, malfunctioning robots, and little girl screams ",0,586
144,A Walk in the Dark,63,10.1,"['PC', 'Xbox One']",['Platform'],2013,4.633333333333333,$6.99,<NA>,<NA>,79 ,313,7,"jeu In this action platformer you play as a cat, Bast, running through a dark fantasy world. You’ll be running, jumping and sliding with smooth and precise controls designed to make you feel like a cat. But it wont be easy. In the dark you never know what lies in the shadows. In this dark journey you will face strange creatures and dangerous traps. Features:  A story driven platformer set in a dark fantasy world.  Fluid controls and animations: play as a cat, move like one.  Challenging levels set in a dark, strange and dangerous world.  Gravity inversion mechanics that will test your skills and ability to adapt to new gameplay.  Beautiful original soundtrack by Cody Cook ",<NA>,<NA>
149,A.I.M. Racing,<NA>,<NA>,['PC'],['Racing/Driving'],2010,11.233333333333333,$2.99,<NA>,<NA>,66 ,65,6,"jeu A.I.M. Racing vous souhaite la bienvenue sur la planète Polygon 4, sur laquelle de meurtriers véhicules issus d'un lointain futur font la course à une vitesse folle, en faisant siffler l'atmosphère poussiéreuse de cette planète. Il y a des années de cela, les humains et les Arlings ont utilisé Polygon-4 pour réaliser un certain nombre d'expériences militaires dans un complexe qui est encore là aujourd'hui. Cependant, les robots intelligents (les AIMs) continuent de remplir les objectifs pour lesquels ils ont été programmés : se perfectionner et faire progresser l'évolution. Les AIMs du clan des Reckoners ont construit un réseau de pistes de course dans le but de tester des machines de combat poly-fonctionnelles. Si vous n'avez pas peur de la vitesse, des pièges mortels ou des charges de plasma qui menacent d'endommager votre véhicule, alors A.I.M. Racing est un jeu fait pour vous. Pas besoin d'économiser de l'argent pour vous acheter un nouveau vaisseau pour concourir, ni même de réfléchir à l'endroit où vous pourriez trouver une réserve d'énergie suffisante pour pouvoir installer un canon plus puissant : le clan vous donnera tout ce dont vous avez besoin... si et seulement si vous êtes le vainqueur ! Plus de 50 niveaux dans le championnat Plus de 30 véhicules différents Des tactiques variées pour mettre vos adversaires hors course Une dynamique des vaisseaux unique De dangereux pièges et des bonus qui vous seront bien utiles Un grand nombre d'armes, dont des mines et des roquettes Des statistiques détaillées pour chaque course pour suivre vos performances Un tableau de scores en ligne Des options de jeu multijoueur  ",<NA>,<NA>
152,A.R.E.S.: Extinction Agenda,57,13.7,"['PC', 'Xbox 360']","['Action', 'Shooter']",2011,2.5,$4.99,<NA>,<NA>,71 ,570,7,"jeu A.R.E.S.: Extinction Agenda est le premier chapitre d'une série de jeux de plate-formes d'action hardcore, dans la tradition des jeux rétros, où vous prenez le contrôle d'Ares, un robot de combat créé dans la seule intention de sauver l'humanité. Pourrez-vous faire face à cette tâche ou serez-vous réduit en cendres ?Vous êtes Ares, le premier robot Zytron immunisé. Un symbole de l'avancée de la technologie humaine, vous êtes le robot le plus développé de l'univers ; créé pour courir plus vite, sauter plus haut, et tirer plus rapidement. En plus de ces attributs fondamentaux, votre conception permet de transformer des pièces détachées et des ressources en des objets, des armures et de l'armement de grande valeur. Vous devrez utiliser toutes les choses à votre disposition afin d'atteindre et de venir en aide aux rescapés de la zone infectée de la station spatiale ZytronCaractéristiques :Découvrez différents endroits de l'univers d'A.R.E.S., chacun comprenant un magnifique et unique environnement 3D avec des défis stimulants.Vous êtes l'arme ultime, avec un bras droit ultime - collectez les objets secrets et soyez de plus en plus fort pour devenir une arme parfaite.Retrouvez-vous face à face d'adversaires colossaux, apprenez leur comportement pour les défaire dans la bataille.Détruisez les ennemis, collectez leurs pièces détachées et recyclez-les ensuite pour créer des objets incroyables tels que des soins, des armes et des munitions. ",1,756
153,AaAaAA!!! - A Reckless Disregard for Gravity,60,26.5,['PC'],"['First-Person', 'Simulation']",2009,4.383333333333334,$9.99,<NA>,<NA>,83 ,633,9,"jeu Faites du BASE jump a travers une ville flottante, créez vos propres figures pour régaler vos fans.Vous plongez dans le vide depuis un gratte-ciel, en vous appuyant sur des réflexes rapides pour négocier les enchevêtrements de poutres qui composent de la ville flottante. Les yeux sont tournés vers vous alors que les juges notent votre performance. Cent points pour étreindre ces supports à nu dans votre chute. Mille pour poser une embrasser le coté de cet immeuble. Tournant et se retournant, vous filerez l'aiguille entre deux panneaux d'affichage, en remportant les acclamations de vos fans.Alors que les réflexes sont importants, c'est la réflexion rapide qui vous apporte la victoire. A un paté de maison de la, vous apercevez une foule de protestataires décriant votre sport, et vous prenez une seconde décision. Vous vous détachez de la course, les regardez droit dans les yeux, et levez votre doigt. Ils explosent de rage, mais les juges adorent, vous envoyant en tête de classement. Tout ce qu'il vous reste à faire, c'est d'atterrir sans finir en sac d'os brisés.Caractéristiques80 niveaux à explorer, qui vous transportent depuis des villes aux affiches et immeubles flottants aux flancs d'une montagne.Une mécanique de jeu unique, qui vous permet de créer vos propres cascades pour marquer des points.Faites des signes à vos fans pour obtenir des points, ou agacez les protestataires avec des gestes insolents.Attrapez une bombe de peinture et taguez les bâtiments du gouvernement pour un challenge supplémentaire.Le mode spéciale méditation vous aides à vous relaxer, fournis avec le mode anti méditation pour vous aider à ne plus vous relaxer. ",<NA>,<NA>
154,AaaaaAAaaaAAAaaAAAAaAAAAA!!! for the Awesome,63, 19.2,"['Mobile', 'PC']","['First-Person', 'Action']",2011,3.2333333333333334,$9.99,<NA>,<NA>,81 ,523,9,"jeu AaaaaAAaaaAAAaaAAAAaAAAAA!!! for the Awesome est une suite inspirée du titre de Dejobaan récompensé en 2009, AaaaaAAaaaAAAaaAAAAaAAAAA!!! -- A Reckless Disregard for Gravity. Ce nouveau jeu apporte 82 niveaux remastérises du jeu original et 43 nouveaux qui sont deux fois plus rapides !Récompenses du jeu original :Finaliste IGF 2010 : Excellence in DesignSélectionné par Penny Arcade pour la PAX-est 2010 : Salon du jeu Indépendant de BostonModDB 2009 : jeu de l'année pour l'éditeur IndépendantFinaliste du concours du Jeu Indépendant de 2010Le jeu :Aaaaa! se passe dans un 2011 alternatif où les Base Jumpers sautent du ciel et exécutent des cascades autour des bâtiments flottants d'un Boston aérien. Cette suite inspirée se passe 6 années plus tard -- le sport a été interdit et vous continuez à sauter en tant que protestation. Haut dans la stratosphère, vous tracez votre route à travers les lames rotatives de turbines à vent gigantesques. Un peu plus loin dans le système solaire, vous esquiverez des astéroïdes au-dessus de mers de laves, vous grafferez sur les bâtiments gouvernementaux lunaires et vous vous retournerez à proximité des colonies de Ganymède -- tout cela au nom d'une protestation pleine d'amour. Dès sa conception, Awesome est un concentré de vitesse. Avec votre nouvel équipement aérien, vous plongerez (et mourrez) deux fois plus vite, dans une descente planante sur les villes de la terre et au-delà. Les sauts les plus rapides offrent maintenant des points de contrôle, si vous répandez votre cerveau sur des cailloux extra-terrestre, vous pourrez revenir en arrière et effectuer la manœuvre d'évitement parfaite à la place. Tout cela enveloppé dans de nouveaux graphismes brillants - recréés à la base, la suite vous apporte un nouveau système d'éclairage et des effets de shader fantaisistes (lesquels, avouons-le, ramènent les AAA studios quelques années en arrière, mais l'éclosion, les ombres et la profondeur de champ sont tous nouveaux pour Aaaaa!).Caractéristiques clés :82 niveaux remastérisés en provenance du jeu original récompensé43 nouveaux niveaux se passant sur la terre, la lune et Ganymède avec un nouvel équipement aérien plus rapideÉtreignez le terrain, embrassez le concret et filez l'aiguille pour faire des pointsRécupérez des étreintes d'ours, tranchez les filets et frappez les plaques d’invulnérabilité pour une destruction gratuiteEnvoyez à vos fans des gestes positifs pour faire des points ou envoyez des gestes grossiers aux opposantsMaintenant disponible sur Mac ",<NA>,<NA>
173,Ace Combat: Assault Horizon,66,9.3,"['PC', 'PlayStation 3', 'Xbox 360']",['Arcade'],2011,8.783333333333333,<NA>,<NA>,<NA>,59 ,3227,6,"jeu 'ACE COMBAT™ ASSAULT HORIZON' est un tout nouveau jeu d'action-shoot. Plus rapide, percutant et agressif que jamais, ce nouveau titre va mettre le ciel à feu et à sang.Project Aces, l'équipe de développement de NAMCO BANDAI Games Inc. au Japon a poussé la série vers de nouveaux horizons. Déchirez les appareils morceaux par morceaux et broyez leurs carcasses fumantes sous votre suprématie aérienne. Explosez les rues et esquivez les gratte-ciels de verre et d'acier de villes réelles au cœur d'une épopée guerrière excitante à l’échelle du globe.Prenez le contrôle et devenez instantanément un pilote capable de prouesses supersoniques étourdissantes en livrant, seul ou à plusieurs des batailles à grande échelle dans un ciel jonché de pièges mortels.Il est temps de faire du ciel un carnage d'acier.Caractéristiques Exclusif pour PC : Améliorations graphiques (résolution jusqu’à 1900x1200p), jeu en ligne jusqu’à 16 joueurs et un paquet de contenus bonus (8 véhicules, 2 cartes, 27 skins, 9 augmentations de compétences).Un drame guerrier crédible dans des environnements réels -De multiples types d'appareils pour chaque situation avec plus de 30 avions officiels disponibles.Scenario créé par un célèbre auteur de best-sellers militaire du New York TimesDe multiples types d'appareils pour chaque situation avec plus de 30 avions officiels disponibles.Ravagez le sol et glissez entre les gratte-ciels tout en explosant vos adversaires lors de joutes aériennes.ACE COMBAT™ online offre de nombreux modes de jeu en ligne.  ",4,3758
178,Ace of Spades,51,45.2,['PC'],"['First-Person', 'Sandbox', 'Shooter']",2012,<NA>,<NA>,2.0,0.5,65 ,18432,6,"jeu Say hello to the creative shooter. Ace of Spades: Battle Builder is the first-person shooter that lets you create your battleground, destroy it, then create it again. Up to 32 players choose from seven unique classes and jump into team-based, multiplayer mayhem across an endlessly evolving battlefield, to construct, destruct and take out the opposition.Key FeaturesCONSTRUCTION, COMBAT AND CREATIVITY - Complete strategic and creative freedom is at your disposal to annihilate the enemy however you like. MULTIPLAYER MAP CREATION - Ace of Spades: Battle Builder includes a map creator mode, which allows you to collaborate with up to 23 friends and make your very own Ace of Spades battleground! Custom tools and over 400 prefabricated structures will help you build the ultimate multiplayer maps, which you can upload and share via Steam Workshop. CUSTOM GAME MODES - Play the way YOU want to play! Host your own match or create your own mode using the wide selection of settings available to you. From fine tuning your favourite mode & classes, to turning TDM into a Spade-only grudge match with predefined teams, as a lobby host you can:  Set your lobby to invite only, friends, or open, and also have full control over who joins with the host ‘kick’ function Sort players into specific teams – great for clan matches, or for playing on the same team as your friends Choose the map you want to play, official or player made Set the size of the match, and it’s duration Set up vanilla game modes or tweak them to suit by using an extensive set of customisable game rulesTons Of Insane Game ModesTeam Deathmatch - The Grandaddy of them all. Kill the enemy; try not to die doing it. Zombie Mode - Survive the onslaught of the living dead. Failing that, join them. Classic CTF – Back to basics, one class, one loadout, the classic rifle. You know what to do. Capture the Flag – No FPS is complete without CTF. Protect your flag, take the enemies’.Demolition - Demolish the enemy’s base before your own is decimated. Diamond Mine - Dig up precious diamonds & defend the diamond carrier as they attempt to cash in their discovery at your team’s base for points.Occupation - A game mode that pits offence against defence. The defensive team must protect their teams based in the green occupied area of the map while the attacking Blue team try to destroy the enemy position by successfully detonating bombs.VIP – Play in 1930’s era Chicago or LA’s Alcatraz and protect your mob boss from the opposing Mafioso. Territory Control - Claim key tactical areas of the map for your team, gain a majority territory control of the map to win, or even better go for glory and take over the entire map! ",<NA>,<NA>
181,Achron,<NA>,<NA>,['PC'],"['Real-Time', 'Strategy']",2011,70.0,$19.99,<NA>,<NA>,63 ,57,6,"jeu Comment serait votre commandement si vous pouviez manipuler le temps ? Envoyer vos unités dans le futur et le passé au moment opportun ? Doublez vos unités en les envoyants combattre au côtés de leur image dans le passé ? Allez vous feindre un attaque sur les ressources et changez votre plan initial pour attaquer la production ? Ou autre...Achron est le premier jeu de stratégie temporel qui vous permet de changer dynamiquement le passé et le futur. Envoyez vos unités dans le temps et concevez des paradoxes temporels pour prendre l'avantage. Jouez 4 campagnes solo et allez en ligne pour affrontez des amis dans un environnement temporel dynamique !Caractéristiques :Le premier jeu à base de compétition sur le thème du voyage dans le tempsLa stratégie du voyage temporel permet des combinaisons créatives et tactiques infinies pour protéger, sapper, échapper et tendre des piègesDéplacez vous sur la ligne du temps pour anticiper les mouvements de votre ennemi. Faites une évaluation des erreurs passées pour éventuellement les corrigerDéplacez vos forces dans le passé et le futurJusqu'à 15 joueurs dans un même jeuLa hiérarchisation vous permet de gérer de grands nombres d'unités dans différentes plages temporellesMécaniques de stratégie en temps réel équilibrées par des techniques de jeu mathématiquesScénario riche Expérience solo de plus de 30 heures et 4 campagnes solo avec 35 niveauxÉditeur de niveau et kit de développement pour créer facilement des cartes et des modes de jeu Le moteur d'Achron gère les paradoxes et permet aux joueurs de créer leurs propres voyages temporels ",<NA>,<NA>
182,Achtung Panzer: Kharkov 1943,<NA>,<NA>,['PC'],<NA>,2010,<NA>,<NA>,<NA>,<NA>,<NA>,<NA>,<NA>,<NA>,<NA>,<NA>
186,Act of War: Direct Action,74,6.8,['PC'],"['Real-Time', 'Strategy']",2005,12.0,$2.99,<NA>,<NA>,89 ,473,9,"jeu La guerre de demain c'est... Maintenant !Créé à partir des gros titres des journaux d'aujourd'hui, Act of War: Direct Action™ est une intrigue géopolitique internationale sur fond de conflit militaire. Ce jeu de stratégie en temps réel vous place aux commandes de forces anti-terroristes et vous met en première ligne pour les conflits de demain.La situation est la suivante :Crise énergétique globale. Attaques terroristes. Grèves massives et instabilité globale.L'ennemi :Une mystérieuse organisation nommée le Consortium déterminée a plonger le monde dans le chaos et la terreur. Les héros :Une nouvelle unité d'élite appelée la Task Force TALON conçue pour contrer les assauts militaires, secourir des otages, mener des opération secrètes de renseignement et stopper les ennemis déterminés à faire chuter les gouvernements du globe.Commandez des unités militaires ultra-réalistesUne superbe combinaison de films, d'effets vidéos et d'action pureOpérations multijoueurs jusqu'à 8 participantsCombats urbains réalistes avec capture de prisonniers et destructions de bâtimentsScénario élaboré par l'auteur du NY times Dale Brown ",21,37
196,Actual Sunlight,59,3.9,"['PC', 'PlayStation Vita']",['Adventure'],2014,1.2333333333333334,$4.99,<NA>,<NA>,74 ,495,7,"jeu « Je sais à quoi tu penses: pourquoi continuer à te lever, jour après jour, alors que ta vie n'a aucun sens ? »Une triste réputation : Largement considéré comme l'un des jeux les plus sombres et les mieux écrits de la scène indépendante, Actual Sunlight vous met au défi d'affronter la vie d'Evan Winter, un jeune professionnel obèse et isolé dans une sévère dépression. Une lecture passionnante : Un mélange d'observation aiguisée et d'humour noir, présenté presque entièrement sous forme de texte, capture l'attention depuis le début provocateur du jeu jusqu'à sa fin déchirante.Préparez-vous : Actual Sunlight est une aventure unique en son genre qui restera ancrée en vous comme l'une des expériences les plus difficiles, belles et troublantes que vous vivrez en tant que joueur.Caractéristiques principales : Une histoire intense et bouleversante guidée par des thèmes tels que l'addiction aux jeux vidéo, l'insatisfaction professionnelle et le malheur de la solitude Des sprites originaux et des dessins superbes qui illustrent les rues, les bureaux, et les espaces de vie de la ville canadienne de Toronto Une bande originale sombre et atmosphérique qui donne corps à l'horreur psychologique de la vie réelleNote importante :En raison du langage explicite utilisé, Actual Sunlight ne correspond pas aux joueurs de moins de 18 ans.Le jeu traite également de thèmes extrêmement matures tels que la dépression et les pensées suicidaires. Similaire à d'autres formes d'art qui approchent ces problèmes, Actual Sunlight peut représenter une expérience émotionnelle extrêmement forte. Avant de le télécharger, veuillez d'abord considérer ce que serait votre réaction devant un livre, un film, ou un morceau de musique de la même facture.Pour être tenu au courant de l'état du jeu, veuillez suivre Will O'Neill sur Twitter : http://www.twitter.com/willoneill ",0,1696
198,Adam's Venture - Episode 1: The Search for the Lost Garden,54,5.4,['PC'],"['Third-Person', 'Real-Time', 'Action', 'Adventure']",2009,1.6833333333333333,<NA>,<NA>,<NA>,<NA>,<NA>,<NA>,<NA>,0,57
199,Adam's Venture - Episode 2: Solomon's Secret,54,5.6,"['PC', 'PlayStation 3']",['Adventure'],2010,2.2333333333333334,<NA>,<NA>,<NA>,<NA>,<NA>,<NA>,<NA>,<NA>,<NA>
200,Adam's Venture - Episode 3: Revelations,60,7.6,"['PC', 'PlayStation 3']",['Adventure'],2012,1.8833333333333333,<NA>,<NA>,<NA>,<NA>,<NA>,<NA>,<NA>,0,15
